image_path,emotion
0.jpg,sad
1.jpg,neutral
10.jpg,neutral
100.jpg,surprise
1000.jpg,happy
1001.jpg,happy
1002.jpg,contempt
1003.jpg,sad
1004.jpg,neutral
1005.jpg,neutral
1006.jpg,neutral
1007.jpg,happy
1008.jpg,neutral
1009.jpg,neutral
101.jpg,fear
1010.jpg,fear
1011.jpg,surprise
1012.jpg,sad
1013.jpg,surprise
1014.jpg,happy
1015.jpg,happy
1016.jpg,fear
1017.jpg,sad
1018.jpg,sad
1019.jpg,surprise
102.jpg,happy
1020.jpg,neutral
1021.jpg,neutral
1022.jpg,uncertain
1023.jpg,neutral
1024.jpg,fear
1025.jpg,fear
1026.jpg,anger
1027.jpg,neutral
1028.jpg,disgust
1029.jpg,surprise
103.jpg,surprise
1030.jpg,surprise
1031.jpg,sad
1032.jpg,neutral
1033.jpg,sad
1034.jpg,surprise
1035.jpg,neutral
1036.jpg,anger
1037.jpg,sad
1038.jpg,fear
1039.jpg,contempt
104.jpg,surprise
1040.jpg,sad
1041.jpg,happy
1042.jpg,anger
1043.jpg,fear
1044.jpg,anger
1045.jpg,happy
1046.jpg,sad
1047.jpg,neutral
1048.jpg,anger
1049.jpg,surprise
105.jpg,sad
1050.jpg,happy
1051.jpg,surprise
1052.jpg,neutral
1053.jpg,neutral
1054.jpg,sad
1055.jpg,neutral
1056.jpg,neutral
1057.jpg,sad
1058.jpg,neutral
1059.jpg,neutral
106.jpg,happy
1060.jpg,contempt
1061.jpg,contempt
1062.jpg,happy
1063.jpg,neutral
1064.jpg,anger
1065.jpg,anger
1066.jpg,contempt
1067.jpg,neutral
1068.jpg,surprise
1069.jpg,neutral
107.jpg,sad
1070.jpg,sad
1071.jpg,sad
1072.jpg,surprise
1073.jpg,anger
1074.jpg,sad
1075.jpg,happy
1076.jpg,sad
1077.jpg,neutral
1078.jpg,happy
1079.jpg,happy
108.jpg,neutral
1080.jpg,anger
1081.jpg,surprise
1082.jpg,anger
1083.jpg,anger
1084.jpg,neutral
1085.jpg,neutral
1086.jpg,anger
1087.jpg,anger
1088.jpg,surprise
1089.jpg,neutral
109.jpg,uncertain
1090.jpg,happy
1091.jpg,surprise
1092.jpg,anger
1093.jpg,neutral
1094.jpg,happy
1095.jpg,anger
1096.jpg,neutral
1097.jpg,contempt
1098.jpg,anger
1099.jpg,sad
11.jpg,anger
110.jpg,surprise
1100.jpg,anger
1101.jpg,happy
1102.jpg,surprise
1103.jpg,sad
1104.jpg,neutral
1105.jpg,surprise
1106.jpg,surprise
1107.jpg,happy
1108.jpg,surprise
1109.jpg,happy
111.jpg,surprise
1110.jpg,happy
1111.jpg,anger
1112.jpg,happy
1113.jpg,neutral
1114.jpg,sad
1115.jpg,sad
1116.jpg,neutral
1117.jpg,neutral
1118.jpg,anger
1119.jpg,surprise
112.jpg,surprise
1120.jpg,neutral
1121.jpg,sad
1122.jpg,surprise
1123.jpg,neutral
1124.jpg,fear
1125.jpg,fear
1126.jpg,fear
1127.jpg,anger
1128.jpg,surprise
1129.jpg,happy
113.jpg,neutral
1130.jpg,sad
1131.jpg,fear
1132.jpg,fear
1133.jpg,sad
1134.jpg,surprise
1135.jpg,surprise
1136.jpg,neutral
1137.jpg,happy
1138.jpg,surprise
1139.jpg,anger
114.jpg,happy
1140.jpg,sad
1141.jpg,neutral
1142.jpg,sad
1143.jpg,neutral
1144.jpg,neutral
1145.jpg,neutral
1146.jpg,surprise
1147.jpg,neutral
1148.jpg,neutral
1149.jpg,fear
115.jpg,neutral
1150.jpg,anger
1151.jpg,anger
1152.jpg,anger
1153.jpg,uncertain
1154.jpg,happy
1155.jpg,disgust
1156.jpg,neutral
1157.jpg,surprise
1158.jpg,surprise
1159.jpg,neutral
116.jpg,neutral
1160.jpg,surprise
1161.jpg,sad
1162.jpg,fear
1163.jpg,neutral
1164.jpg,surprise
1165.jpg,surprise
1166.jpg,happy
1167.jpg,fear
1168.jpg,happy
1169.jpg,contempt
117.jpg,happy
1170.jpg,happy
1171.jpg,neutral
1172.jpg,happy
1173.jpg,neutral
1174.jpg,surprise
1175.jpg,anger
1176.jpg,fear
1177.jpg,fear
1178.jpg,happy
1179.jpg,sad
118.jpg,anger
1180.jpg,uncertain
1181.jpg,neutral
1182.jpg,uncertain
1183.jpg,happy
1184.jpg,disgust
1185.jpg,neutral
1186.jpg,anger
1187.jpg,uncertain
1188.jpg,surprise
1189.jpg,uncertain
119.jpg,happy
1190.jpg,anger
1191.jpg,neutral
1192.jpg,fear
1193.jpg,neutral
1194.jpg,neutral
1195.jpg,neutral
1196.jpg,anger
1197.jpg,fear
1198.jpg,neutral
1199.jpg,happy
12.jpg,contempt
120.jpg,happy
1200.jpg,fear
1201.jpg,happy
1202.jpg,neutral
1203.jpg,contempt
1204.jpg,anger
1205.jpg,neutral
1206.jpg,fear
1207.jpg,sad
1208.jpg,sad
1209.jpg,neutral
121.jpg,anger
1210.jpg,sad
1211.jpg,surprise
1212.jpg,uncertain
1213.jpg,happy
1214.jpg,sad
1215.jpg,sad
1216.jpg,disgust
1217.jpg,sad
1218.jpg,disgust
1219.jpg,sad
122.jpg,anger
1220.jpg,sad
1221.jpg,sad
1222.jpg,anger
1223.jpg,surprise
1224.jpg,anger
1225.jpg,happy
1226.jpg,sad
1227.jpg,sad
1228.jpg,sad
1229.jpg,fear
123.jpg,neutral
1230.jpg,anger
1231.jpg,happy
1232.jpg,anger
1233.jpg,surprise
1234.jpg,anger
1235.jpg,anger
1236.jpg,neutral
1237.jpg,sad
1238.jpg,contempt
1239.jpg,anger
124.jpg,happy
1240.jpg,contempt
1241.jpg,anger
1242.jpg,uncertain
1243.jpg,sad
1244.jpg,happy
1245.jpg,surprise
1246.jpg,sad
1247.jpg,neutral
1248.jpg,surprise
1249.jpg,surprise
125.jpg,disgust
1250.jpg,neutral
1251.jpg,sad
1252.jpg,neutral
1253.jpg,happy
1254.jpg,neutral
1255.jpg,anger
1256.jpg,surprise
1257.jpg,neutral
1258.jpg,fear
1259.jpg,anger
126.jpg,neutral
1260.jpg,uncertain
1261.jpg,neutral
1262.jpg,contempt
1263.jpg,fear
1264.jpg,neutral
1265.jpg,happy
1266.jpg,sad
1267.jpg,neutral
1268.jpg,disgust
1269.jpg,anger
127.jpg,neutral
1270.jpg,neutral
1271.jpg,sad
1272.jpg,neutral
1273.jpg,happy
1274.jpg,happy
1275.jpg,sad
1276.jpg,neutral
1277.jpg,surprise
1278.jpg,happy
1279.jpg,surprise
128.jpg,sad
1280.jpg,neutral
1281.jpg,surprise
1282.jpg,uncertain
1283.jpg,uncertain
1284.jpg,fear
1285.jpg,neutral
1286.jpg,fear
1287.jpg,neutral
1288.jpg,disgust
1289.jpg,happy
129.jpg,sad
1290.jpg,neutral
1291.jpg,sad
1292.jpg,uncertain
1293.jpg,surprise
1294.jpg,neutral
1295.jpg,surprise
1296.jpg,anger
1297.jpg,surprise
1298.jpg,neutral
1299.jpg,contempt
13.jpg,happy
130.jpg,sad
1300.jpg,anger
1301.jpg,surprise
1302.jpg,happy
1303.jpg,sad
1304.jpg,surprise
1305.jpg,happy
1306.jpg,surprise
1307.jpg,anger
1308.jpg,neutral
1309.jpg,contempt
131.jpg,fear
1310.jpg,surprise
1311.jpg,neutral
1312.jpg,sad
1313.jpg,disgust
1314.jpg,contempt
1315.jpg,anger
1316.jpg,fear
1317.jpg,neutral
1318.jpg,neutral
1319.jpg,neutral
132.jpg,happy
1320.jpg,neutral
1321.jpg,neutral
1322.jpg,neutral
1323.jpg,neutral
1324.jpg,uncertain
1325.jpg,surprise
1326.jpg,anger
1327.jpg,neutral
1328.jpg,surprise
1329.jpg,happy
133.jpg,sad
1330.jpg,surprise
1331.jpg,neutral
1332.jpg,neutral
1333.jpg,happy
1334.jpg,neutral
1335.jpg,neutral
1336.jpg,happy
1337.jpg,fear
1338.jpg,neutral
1339.jpg,fear
134.jpg,fear
1340.jpg,fear
1341.jpg,happy
1342.jpg,uncertain
1343.jpg,anger
1344.jpg,sad
1345.jpg,surprise
1346.jpg,happy
1347.jpg,anger
1348.jpg,neutral
1349.jpg,happy
135.jpg,surprise
1350.jpg,fear
1351.jpg,sad
1352.jpg,sad
1353.jpg,neutral
1354.jpg,neutral
1355.jpg,sad
1356.jpg,sad
1357.jpg,happy
1358.jpg,anger
1359.jpg,uncertain
136.jpg,happy
1360.jpg,sad
1361.jpg,neutral
1362.jpg,surprise
1363.jpg,neutral
1364.jpg,fear
1365.jpg,anger
1366.jpg,anger
1367.jpg,sad
1368.jpg,contempt
1369.jpg,anger
137.jpg,sad
1370.jpg,uncertain
1371.jpg,anger
1372.jpg,neutral
1373.jpg,fear
1374.jpg,anger
1375.jpg,happy
1376.jpg,neutral
1377.jpg,disgust
1378.jpg,surprise
1379.jpg,surprise
138.jpg,uncertain
1380.jpg,fear
1381.jpg,sad
1382.jpg,sad
1383.jpg,surprise
1384.jpg,neutral
1385.jpg,neutral
1386.jpg,surprise
1387.jpg,uncertain
1388.jpg,neutral
1389.jpg,fear
139.jpg,anger
1390.jpg,surprise
1391.jpg,neutral
1392.jpg,neutral
1393.jpg,neutral
1394.jpg,neutral
1395.jpg,anger
1396.jpg,fear
1397.jpg,happy
1398.jpg,fear
1399.jpg,happy
14.jpg,neutral
140.jpg,fear
1400.jpg,contempt
1401.jpg,anger
1402.jpg,fear
1403.jpg,anger
1404.jpg,surprise
1405.jpg,surprise
1406.jpg,surprise
1407.jpg,sad
1408.jpg,anger
1409.jpg,surprise
141.jpg,sad
1410.jpg,sad
1411.jpg,sad
1412.jpg,sad
1413.jpg,surprise
1414.jpg,happy
1415.jpg,sad
1416.jpg,neutral
1417.jpg,sad
1418.jpg,anger
1419.jpg,sad
142.jpg,surprise
1420.jpg,contempt
1421.jpg,sad
1422.jpg,anger
1423.jpg,happy
1424.jpg,neutral
1425.jpg,neutral
1426.jpg,neutral
1427.jpg,sad
1428.jpg,happy
1429.jpg,neutral
143.jpg,neutral
1430.jpg,happy
1431.jpg,sad
1432.jpg,happy
1433.jpg,anger
1434.jpg,neutral
1435.jpg,disgust
1436.jpg,happy
1437.jpg,fear
1438.jpg,disgust
1439.jpg,happy
144.jpg,anger
1440.jpg,surprise
1441.jpg,happy
1442.jpg,fear
1443.jpg,happy
1444.jpg,happy
1445.jpg,surprise
1446.jpg,neutral
1447.jpg,neutral
1448.jpg,fear
1449.jpg,anger
145.jpg,sad
1450.jpg,surprise
1451.jpg,sad
1452.jpg,fear
1453.jpg,surprise
1454.jpg,sad
1455.jpg,neutral
1456.jpg,sad
1457.jpg,contempt
1458.jpg,fear
1459.jpg,happy
146.jpg,surprise
1460.jpg,neutral
1461.jpg,happy
1462.jpg,surprise
1463.jpg,happy
1464.jpg,anger
1465.jpg,neutral
1466.jpg,happy
1467.jpg,surprise
1468.jpg,sad
1469.jpg,contempt
147.jpg,neutral
1470.jpg,neutral
1471.jpg,happy
1472.jpg,happy
1473.jpg,fear
1474.jpg,anger
1475.jpg,sad
1476.jpg,anger
1477.jpg,neutral
1478.jpg,surprise
1479.jpg,surprise
148.jpg,sad
1480.jpg,anger
1481.jpg,neutral
1482.jpg,neutral
1483.jpg,uncertain
1484.jpg,sad
1485.jpg,contempt
1486.jpg,sad
1487.jpg,neutral
1488.jpg,fear
1489.jpg,sad
149.jpg,uncertain
1490.jpg,neutral
1491.jpg,anger
1492.jpg,fear
1493.jpg,neutral
1494.jpg,surprise
1495.jpg,anger
1496.jpg,surprise
1497.jpg,happy
1498.jpg,happy
1499.jpg,happy
15.jpg,neutral
150.jpg,surprise
1500.jpg,happy
1501.jpg,happy
1502.jpg,neutral
1503.jpg,anger
1504.jpg,contempt
1505.jpg,anger
1506.jpg,happy
1507.jpg,neutral
1508.jpg,uncertain
1509.jpg,surprise
151.jpg,neutral
1510.jpg,fear
1511.jpg,neutral
1512.jpg,anger
1513.jpg,surprise
1514.jpg,uncertain
1515.jpg,surprise
1516.jpg,uncertain
1517.jpg,anger
1518.jpg,neutral
1519.jpg,neutral
152.jpg,sad
1520.jpg,neutral
1521.jpg,uncertain
1522.jpg,anger
1523.jpg,neutral
1524.jpg,surprise
1525.jpg,neutral
1526.jpg,surprise
1527.jpg,sad
1528.jpg,neutral
1529.jpg,fear
153.jpg,sad
1530.jpg,happy
1531.jpg,sad
1532.jpg,neutral
1533.jpg,happy
1534.jpg,happy
1535.jpg,neutral
1536.jpg,happy
1537.jpg,sad
1538.jpg,sad
1539.jpg,anger
154.jpg,happy
1540.jpg,sad
1541.jpg,anger
1542.jpg,fear
1543.jpg,happy
1544.jpg,neutral
1545.jpg,happy
1546.jpg,disgust
1547.jpg,neutral
1548.jpg,disgust
1549.jpg,sad
155.jpg,anger
1550.jpg,neutral
1551.jpg,neutral
1552.jpg,surprise
1553.jpg,anger
1554.jpg,surprise
1555.jpg,uncertain
1556.jpg,neutral
1557.jpg,sad
1558.jpg,happy
1559.jpg,neutral
156.jpg,sad
1560.jpg,sad
1561.jpg,anger
1562.jpg,happy
1563.jpg,contempt
1564.jpg,neutral
1565.jpg,happy
1566.jpg,happy
1567.jpg,neutral
1568.jpg,uncertain
1569.jpg,happy
157.jpg,sad
1570.jpg,uncertain
1571.jpg,surprise
1572.jpg,sad
1573.jpg,neutral
1574.jpg,anger
1575.jpg,sad
1576.jpg,surprise
1577.jpg,anger
1578.jpg,happy
1579.jpg,neutral
158.jpg,sad
1580.jpg,uncertain
1581.jpg,surprise
1582.jpg,surprise
1583.jpg,surprise
1584.jpg,neutral
1585.jpg,fear
1586.jpg,anger
1587.jpg,neutral
1588.jpg,surprise
1589.jpg,surprise
159.jpg,anger
1590.jpg,neutral
1591.jpg,surprise
1592.jpg,fear
1593.jpg,neutral
1594.jpg,surprise
1595.jpg,surprise
1596.jpg,happy
1597.jpg,contempt
1598.jpg,happy
1599.jpg,happy
16.jpg,anger
160.jpg,happy
1600.jpg,surprise
1601.jpg,neutral
1602.jpg,sad
1603.jpg,anger
1604.jpg,surprise
1605.jpg,anger
1606.jpg,sad
1607.jpg,fear
1608.jpg,sad
1609.jpg,happy
161.jpg,sad
1610.jpg,anger
1611.jpg,surprise
1612.jpg,disgust
1613.jpg,happy
1614.jpg,neutral
1615.jpg,surprise
1616.jpg,sad
1617.jpg,neutral
1618.jpg,anger
1619.jpg,surprise
162.jpg,contempt
1620.jpg,neutral
1621.jpg,anger
1622.jpg,happy
1623.jpg,neutral
1624.jpg,neutral
1625.jpg,neutral
1626.jpg,neutral
1627.jpg,neutral
1628.jpg,sad
1629.jpg,neutral
163.jpg,anger
1630.jpg,neutral
1631.jpg,neutral
1632.jpg,neutral
1633.jpg,surprise
1634.jpg,sad
1635.jpg,neutral
1636.jpg,contempt
1637.jpg,neutral
1638.jpg,neutral
1639.jpg,neutral
164.jpg,contempt
1640.jpg,happy
1641.jpg,uncertain
1642.jpg,contempt
1643.jpg,contempt
1644.jpg,sad
1645.jpg,contempt
1646.jpg,happy
1647.jpg,fear
1648.jpg,surprise
1649.jpg,surprise
165.jpg,sad
1650.jpg,surprise
1651.jpg,surprise
1652.jpg,anger
1653.jpg,anger
1654.jpg,anger
1655.jpg,surprise
1656.jpg,neutral
1657.jpg,fear
1658.jpg,neutral
1659.jpg,surprise
166.jpg,neutral
1660.jpg,sad
1661.jpg,happy
1662.jpg,fear
1663.jpg,happy
1664.jpg,neutral
1665.jpg,happy
1666.jpg,happy
1667.jpg,contempt
1668.jpg,sad
1669.jpg,neutral
167.jpg,fear
1670.jpg,surprise
1671.jpg,happy
1672.jpg,anger
1673.jpg,surprise
1674.jpg,neutral
1675.jpg,sad
1676.jpg,neutral
1677.jpg,surprise
1678.jpg,happy
1679.jpg,surprise
168.jpg,neutral
1680.jpg,sad
1681.jpg,anger
1682.jpg,sad
1683.jpg,neutral
1684.jpg,sad
1685.jpg,neutral
1686.jpg,anger
1687.jpg,contempt
1688.jpg,anger
1689.jpg,fear
169.jpg,happy
1690.jpg,neutral
1691.jpg,sad
1692.jpg,happy
1693.jpg,neutral
1694.jpg,neutral
1695.jpg,fear
1696.jpg,happy
1697.jpg,sad
1698.jpg,anger
1699.jpg,happy
17.jpg,uncertain
170.jpg,sad
1700.jpg,happy
1701.jpg,sad
1702.jpg,contempt
1703.jpg,fear
1704.jpg,neutral
1705.jpg,sad
1706.jpg,disgust
1707.jpg,sad
1708.jpg,sad
1709.jpg,surprise
171.jpg,neutral
1710.jpg,sad
1711.jpg,neutral
1712.jpg,neutral
1713.jpg,anger
1714.jpg,happy
1715.jpg,anger
1716.jpg,contempt
1717.jpg,surprise
1718.jpg,happy
1719.jpg,surprise
172.jpg,sad
1720.jpg,contempt
1721.jpg,uncertain
1722.jpg,fear
1723.jpg,sad
1724.jpg,happy
1725.jpg,fear
1726.jpg,anger
1727.jpg,neutral
1728.jpg,neutral
1729.jpg,surprise
173.jpg,anger
1730.jpg,contempt
1731.jpg,surprise
1732.jpg,neutral
1733.jpg,surprise
1734.jpg,neutral
1735.jpg,happy
1736.jpg,sad
1737.jpg,sad
1738.jpg,fear
1739.jpg,fear
174.jpg,anger
1740.jpg,happy
1741.jpg,uncertain
1742.jpg,neutral
1743.jpg,sad
1744.jpg,fear
1745.jpg,anger
1746.jpg,sad
1747.jpg,happy
1748.jpg,surprise
1749.jpg,uncertain
175.jpg,neutral
1750.jpg,surprise
1751.jpg,neutral
1752.jpg,anger
1753.jpg,neutral
1754.jpg,sad
1755.jpg,happy
1756.jpg,anger
1757.jpg,contempt
1758.jpg,anger
1759.jpg,neutral
176.jpg,uncertain
1760.jpg,neutral
1761.jpg,uncertain
1762.jpg,sad
1763.jpg,happy
1764.jpg,disgust
1765.jpg,surprise
1766.jpg,sad
1767.jpg,surprise
1768.jpg,neutral
1769.jpg,happy
177.jpg,neutral
1770.jpg,fear
1771.jpg,surprise
1772.jpg,surprise
1773.jpg,sad
1774.jpg,surprise
1775.jpg,happy
1776.jpg,disgust
1777.jpg,anger
1778.jpg,surprise
1779.jpg,neutral
178.jpg,anger
1780.jpg,uncertain
1781.jpg,neutral
1782.jpg,surprise
1783.jpg,neutral
1784.jpg,surprise
1785.jpg,disgust
1786.jpg,fear
1787.jpg,anger
1788.jpg,contempt
1789.jpg,happy
179.jpg,surprise
1790.jpg,happy
1791.jpg,contempt
1792.jpg,uncertain
1793.jpg,surprise
1794.jpg,happy
1795.jpg,happy
1796.jpg,anger
1797.jpg,disgust
1798.jpg,contempt
1799.jpg,happy
18.jpg,fear
180.jpg,surprise
1800.jpg,anger
1801.jpg,neutral
1802.jpg,fear
1803.jpg,sad
1804.jpg,neutral
1805.jpg,anger
1806.jpg,disgust
1807.jpg,happy
1808.jpg,anger
1809.jpg,sad
181.jpg,surprise
1810.jpg,surprise
1811.jpg,happy
1812.jpg,anger
1813.jpg,surprise
1814.jpg,neutral
1815.jpg,happy
1816.jpg,surprise
1817.jpg,fear
1818.jpg,happy
1819.jpg,sad
182.jpg,happy
1820.jpg,sad
1821.jpg,surprise
1822.jpg,sad
1823.jpg,anger
1824.jpg,uncertain
1825.jpg,sad
1826.jpg,sad
1827.jpg,surprise
1828.jpg,uncertain
1829.jpg,anger
183.jpg,anger
1830.jpg,contempt
1831.jpg,fear
1832.jpg,neutral
1833.jpg,anger
1834.jpg,happy
1835.jpg,fear
1836.jpg,happy
1837.jpg,fear
1838.jpg,happy
1839.jpg,neutral
184.jpg,contempt
1840.jpg,neutral
1841.jpg,sad
1842.jpg,surprise
1843.jpg,fear
1844.jpg,happy
1845.jpg,happy
1846.jpg,surprise
1847.jpg,happy
1848.jpg,sad
1849.jpg,uncertain
185.jpg,uncertain
1850.jpg,neutral
1851.jpg,anger
1852.jpg,sad
1853.jpg,neutral
1854.jpg,sad
1855.jpg,neutral
1856.jpg,anger
1857.jpg,neutral
1858.jpg,happy
1859.jpg,fear
186.jpg,sad
1860.jpg,happy
1861.jpg,uncertain
1862.jpg,uncertain
1863.jpg,sad
1864.jpg,surprise
1865.jpg,sad
1866.jpg,happy
1867.jpg,anger
1868.jpg,surprise
1869.jpg,sad
187.jpg,sad
1870.jpg,uncertain
1871.jpg,neutral
1872.jpg,neutral
1873.jpg,neutral
1874.jpg,disgust
1875.jpg,surprise
1876.jpg,neutral
1877.jpg,uncertain
1878.jpg,sad
1879.jpg,anger
188.jpg,contempt
1880.jpg,uncertain
1881.jpg,fear
1882.jpg,sad
1883.jpg,fear
1884.jpg,fear
1885.jpg,sad
1886.jpg,neutral
1887.jpg,neutral
1888.jpg,neutral
1889.jpg,happy
189.jpg,happy
1890.jpg,happy
1891.jpg,disgust
1892.jpg,surprise
1893.jpg,happy
1894.jpg,anger
1895.jpg,contempt
1896.jpg,contempt
1897.jpg,neutral
1898.jpg,surprise
1899.jpg,surprise
19.jpg,sad
190.jpg,anger
1900.jpg,surprise
1901.jpg,neutral
1902.jpg,sad
1903.jpg,neutral
1904.jpg,fear
1905.jpg,surprise
1906.jpg,anger
1907.jpg,neutral
1908.jpg,neutral
1909.jpg,disgust
191.jpg,fear
1910.jpg,neutral
1911.jpg,uncertain
1912.jpg,sad
1913.jpg,uncertain
1914.jpg,surprise
1915.jpg,happy
1916.jpg,contempt
1917.jpg,sad
1918.jpg,neutral
1919.jpg,neutral
192.jpg,sad
1920.jpg,surprise
1921.jpg,contempt
1922.jpg,neutral
1923.jpg,fear
1924.jpg,neutral
1925.jpg,contempt
1926.jpg,anger
1927.jpg,anger
1928.jpg,surprise
1929.jpg,uncertain
193.jpg,surprise
1930.jpg,sad
1931.jpg,surprise
1932.jpg,neutral
1933.jpg,surprise
1934.jpg,happy
1935.jpg,neutral
1936.jpg,contempt
1937.jpg,neutral
1938.jpg,neutral
1939.jpg,anger
194.jpg,happy
1940.jpg,surprise
1941.jpg,neutral
1942.jpg,neutral
1943.jpg,neutral
1944.jpg,anger
1945.jpg,surprise
1946.jpg,neutral
1947.jpg,contempt
1948.jpg,surprise
1949.jpg,neutral
195.jpg,happy
1950.jpg,anger
1951.jpg,happy
1952.jpg,fear
1953.jpg,sad
1954.jpg,surprise
1955.jpg,sad
1956.jpg,sad
1957.jpg,neutral
1958.jpg,fear
1959.jpg,surprise
196.jpg,neutral
1960.jpg,surprise
1961.jpg,anger
1962.jpg,sad
1963.jpg,sad
1964.jpg,anger
1965.jpg,neutral
1966.jpg,neutral
1967.jpg,happy
1968.jpg,neutral
1969.jpg,surprise
197.jpg,neutral
1970.jpg,neutral
1971.jpg,neutral
1972.jpg,neutral
1973.jpg,surprise
1974.jpg,happy
1975.jpg,anger
1976.jpg,anger
1977.jpg,neutral
1978.jpg,happy
1979.jpg,surprise
198.jpg,surprise
1980.jpg,surprise
1981.jpg,happy
1982.jpg,happy
1983.jpg,fear
1984.jpg,happy
1985.jpg,anger
1986.jpg,neutral
1987.jpg,anger
1988.jpg,sad
1989.jpg,neutral
199.jpg,neutral
1990.jpg,neutral
1991.jpg,surprise
1992.jpg,neutral
1993.jpg,fear
1994.jpg,neutral
1995.jpg,contempt
1996.jpg,sad
1997.jpg,surprise
1998.jpg,anger
1999.jpg,surprise
2.jpg,fear
20.jpg,neutral
200.jpg,surprise
2000.jpg,neutral
2001.jpg,fear
2002.jpg,neutral
2003.jpg,neutral
2004.jpg,uncertain
2005.jpg,uncertain
2006.jpg,fear
2007.jpg,neutral
2008.jpg,happy
2009.jpg,sad
201.jpg,sad
2010.jpg,anger
2011.jpg,anger
2012.jpg,happy
2013.jpg,sad
2014.jpg,happy
2015.jpg,anger
2016.jpg,anger
2017.jpg,neutral
2018.jpg,neutral
2019.jpg,neutral
202.jpg,neutral
2020.jpg,sad
2021.jpg,uncertain
2022.jpg,neutral
2023.jpg,uncertain
2024.jpg,anger
2025.jpg,neutral
2026.jpg,uncertain
2027.jpg,sad
2028.jpg,uncertain
2029.jpg,surprise
203.jpg,sad
2030.jpg,sad
2031.jpg,sad
2032.jpg,surprise
2033.jpg,fear
2034.jpg,neutral
2035.jpg,disgust
2036.jpg,happy
2037.jpg,surprise
2038.jpg,neutral
2039.jpg,fear
204.jpg,disgust
2040.jpg,surprise
2041.jpg,surprise
2042.jpg,happy
2043.jpg,surprise
2044.jpg,neutral
2045.jpg,happy
2046.jpg,neutral
2047.jpg,happy
2048.jpg,anger
2049.jpg,sad
205.jpg,happy
2050.jpg,sad
2051.jpg,neutral
2052.jpg,sad
2053.jpg,anger
2054.jpg,sad
2055.jpg,neutral
2056.jpg,neutral
2057.jpg,surprise
2058.jpg,sad
2059.jpg,anger
206.jpg,contempt
2060.jpg,neutral
2061.jpg,neutral
2062.jpg,surprise
2063.jpg,neutral
2064.jpg,anger
2065.jpg,surprise
2066.jpg,happy
2067.jpg,neutral
2068.jpg,neutral
2069.jpg,anger
207.jpg,neutral
2070.jpg,sad
2071.jpg,neutral
2072.jpg,neutral
2073.jpg,sad
2074.jpg,happy
2075.jpg,anger
2076.jpg,surprise
2077.jpg,happy
2078.jpg,anger
2079.jpg,neutral
208.jpg,surprise
2080.jpg,neutral
2081.jpg,surprise
2082.jpg,sad
2083.jpg,happy
2084.jpg,anger
2085.jpg,neutral
2086.jpg,sad
2087.jpg,sad
2088.jpg,happy
2089.jpg,uncertain
209.jpg,neutral
2090.jpg,anger
2091.jpg,surprise
2092.jpg,neutral
2093.jpg,anger
2094.jpg,neutral
2095.jpg,happy
2096.jpg,happy
2097.jpg,surprise
2098.jpg,anger
2099.jpg,contempt
21.jpg,neutral
210.jpg,anger
2100.jpg,neutral
2101.jpg,surprise
2102.jpg,neutral
2103.jpg,fear
2104.jpg,anger
2105.jpg,uncertain
2106.jpg,fear
2107.jpg,surprise
2108.jpg,neutral
2109.jpg,fear
211.jpg,contempt
2110.jpg,sad
2111.jpg,happy
2112.jpg,uncertain
2113.jpg,happy
2114.jpg,neutral
2115.jpg,uncertain
2116.jpg,neutral
2117.jpg,neutral
2118.jpg,anger
2119.jpg,neutral
212.jpg,fear
2120.jpg,happy
2121.jpg,surprise
2122.jpg,sad
2123.jpg,neutral
2124.jpg,neutral
2125.jpg,neutral
2126.jpg,neutral
2127.jpg,anger
2128.jpg,anger
2129.jpg,uncertain
213.jpg,neutral
2130.jpg,surprise
2131.jpg,happy
2132.jpg,uncertain
2133.jpg,happy
2134.jpg,neutral
2135.jpg,neutral
2136.jpg,happy
2137.jpg,surprise
2138.jpg,uncertain
2139.jpg,neutral
214.jpg,surprise
2140.jpg,sad
2141.jpg,sad
2142.jpg,anger
2143.jpg,sad
2144.jpg,surprise
2145.jpg,fear
2146.jpg,surprise
2147.jpg,uncertain
2148.jpg,happy
2149.jpg,contempt
215.jpg,neutral
2150.jpg,uncertain
2151.jpg,neutral
2152.jpg,anger
2153.jpg,contempt
2154.jpg,surprise
2155.jpg,fear
2156.jpg,happy
2157.jpg,neutral
2158.jpg,surprise
2159.jpg,neutral
216.jpg,happy
2160.jpg,neutral
2161.jpg,neutral
2162.jpg,happy
2163.jpg,neutral
2164.jpg,happy
2165.jpg,neutral
2166.jpg,sad
2167.jpg,surprise
2168.jpg,uncertain
2169.jpg,neutral
217.jpg,neutral
2170.jpg,sad
2171.jpg,happy
2172.jpg,anger
2173.jpg,happy
2174.jpg,fear
2175.jpg,happy
2176.jpg,fear
2177.jpg,neutral
2178.jpg,anger
2179.jpg,happy
218.jpg,sad
2180.jpg,uncertain
2181.jpg,disgust
2182.jpg,anger
2183.jpg,happy
2184.jpg,neutral
2185.jpg,surprise
2186.jpg,anger
2187.jpg,surprise
2188.jpg,sad
2189.jpg,anger
219.jpg,neutral
2190.jpg,happy
2191.jpg,sad
2192.jpg,surprise
2193.jpg,happy
2194.jpg,surprise
2195.jpg,contempt
2196.jpg,contempt
2197.jpg,neutral
2198.jpg,neutral
2199.jpg,happy
22.jpg,anger
220.jpg,surprise
2200.jpg,surprise
2201.jpg,fear
2202.jpg,sad
2203.jpg,anger
2204.jpg,neutral
2205.jpg,surprise
2206.jpg,neutral
2207.jpg,sad
2208.jpg,sad
2209.jpg,neutral
221.jpg,happy
2210.jpg,happy
2211.jpg,surprise
2212.jpg,sad
2213.jpg,neutral
2214.jpg,neutral
2215.jpg,surprise
2216.jpg,surprise
2217.jpg,surprise
2218.jpg,fear
2219.jpg,anger
222.jpg,surprise
2220.jpg,neutral
2221.jpg,neutral
2222.jpg,anger
2223.jpg,sad
2224.jpg,anger
2225.jpg,anger
2226.jpg,anger
2227.jpg,happy
2228.jpg,neutral
2229.jpg,anger
223.jpg,sad
2230.jpg,happy
2231.jpg,anger
2232.jpg,anger
2233.jpg,happy
2234.jpg,surprise
2235.jpg,contempt
2236.jpg,surprise
2237.jpg,happy
2238.jpg,anger
2239.jpg,happy
224.jpg,fear
2240.jpg,neutral
2241.jpg,neutral
2242.jpg,anger
2243.jpg,happy
2244.jpg,sad
2245.jpg,neutral
2246.jpg,sad
2247.jpg,sad
2248.jpg,happy
2249.jpg,surprise
225.jpg,neutral
2250.jpg,neutral
2251.jpg,neutral
2252.jpg,neutral
2253.jpg,happy
2254.jpg,anger
2255.jpg,happy
2256.jpg,neutral
2257.jpg,contempt
2258.jpg,sad
2259.jpg,uncertain
226.jpg,neutral
2260.jpg,anger
2261.jpg,happy
2262.jpg,uncertain
2263.jpg,contempt
2264.jpg,happy
2265.jpg,neutral
2266.jpg,surprise
2267.jpg,anger
2268.jpg,happy
2269.jpg,neutral
227.jpg,neutral
2270.jpg,fear
2271.jpg,happy
2272.jpg,neutral
2273.jpg,neutral
2274.jpg,anger
2275.jpg,neutral
2276.jpg,anger
2277.jpg,surprise
2278.jpg,disgust
2279.jpg,happy
228.jpg,anger
2280.jpg,contempt
2281.jpg,uncertain
2282.jpg,anger
2283.jpg,neutral
2284.jpg,fear
2285.jpg,contempt
2286.jpg,neutral
2287.jpg,anger
2288.jpg,sad
2289.jpg,happy
229.jpg,sad
2290.jpg,anger
2291.jpg,sad
2292.jpg,neutral
2293.jpg,surprise
2294.jpg,sad
2295.jpg,surprise
2296.jpg,fear
2297.jpg,neutral
2298.jpg,anger
2299.jpg,surprise
23.jpg,anger
230.jpg,neutral
2300.jpg,surprise
2301.jpg,happy
2302.jpg,surprise
2303.jpg,surprise
2304.jpg,fear
2305.jpg,happy
2306.jpg,anger
2307.jpg,surprise
2308.jpg,anger
2309.jpg,surprise
231.jpg,neutral
2310.jpg,surprise
2311.jpg,sad
2312.jpg,neutral
2313.jpg,surprise
2314.jpg,neutral
2315.jpg,surprise
2316.jpg,neutral
2317.jpg,neutral
2318.jpg,anger
2319.jpg,neutral
232.jpg,anger
2320.jpg,happy
2321.jpg,happy
2322.jpg,happy
2323.jpg,neutral
2324.jpg,sad
2325.jpg,neutral
2326.jpg,uncertain
2327.jpg,happy
2328.jpg,uncertain
2329.jpg,neutral
233.jpg,uncertain
2330.jpg,neutral
2331.jpg,sad
2332.jpg,neutral
2333.jpg,disgust
2334.jpg,happy
2335.jpg,surprise
2336.jpg,neutral
2337.jpg,sad
2338.jpg,neutral
2339.jpg,surprise
234.jpg,neutral
2340.jpg,neutral
2341.jpg,neutral
2342.jpg,sad
2343.jpg,surprise
2344.jpg,neutral
2345.jpg,fear
2346.jpg,neutral
2347.jpg,anger
2348.jpg,happy
2349.jpg,neutral
235.jpg,sad
2350.jpg,neutral
2351.jpg,sad
2352.jpg,uncertain
2353.jpg,anger
2354.jpg,surprise
2355.jpg,sad
2356.jpg,neutral
2357.jpg,anger
2358.jpg,neutral
2359.jpg,surprise
236.jpg,anger
2360.jpg,anger
2361.jpg,fear
2362.jpg,happy
2363.jpg,happy
2364.jpg,anger
2365.jpg,contempt
2366.jpg,disgust
2367.jpg,happy
2368.jpg,sad
2369.jpg,anger
237.jpg,anger
2370.jpg,disgust
2371.jpg,disgust
2372.jpg,surprise
2373.jpg,neutral
2374.jpg,happy
2375.jpg,neutral
2376.jpg,anger
2377.jpg,neutral
2378.jpg,happy
2379.jpg,sad
238.jpg,neutral
2380.jpg,uncertain
2381.jpg,happy
2382.jpg,sad
2383.jpg,anger
2384.jpg,neutral
2385.jpg,neutral
2386.jpg,anger
2387.jpg,disgust
2388.jpg,sad
2389.jpg,contempt
239.jpg,anger
2390.jpg,neutral
2391.jpg,surprise
2392.jpg,contempt
2393.jpg,sad
2394.jpg,neutral
2395.jpg,sad
2396.jpg,disgust
2397.jpg,disgust
2398.jpg,happy
2399.jpg,neutral
24.jpg,anger
240.jpg,neutral
2400.jpg,contempt
2401.jpg,disgust
2402.jpg,happy
2403.jpg,anger
2404.jpg,sad
2405.jpg,sad
2406.jpg,fear
2407.jpg,fear
2408.jpg,sad
2409.jpg,uncertain
241.jpg,disgust
2410.jpg,happy
2411.jpg,happy
2412.jpg,anger
2413.jpg,happy
2414.jpg,neutral
2415.jpg,surprise
2416.jpg,happy
2417.jpg,neutral
2418.jpg,neutral
2419.jpg,neutral
242.jpg,anger
2420.jpg,neutral
2421.jpg,neutral
2422.jpg,sad
2423.jpg,neutral
2424.jpg,sad
2425.jpg,fear
2426.jpg,happy
2427.jpg,disgust
2428.jpg,surprise
2429.jpg,neutral
243.jpg,surprise
2430.jpg,anger
2431.jpg,neutral
2432.jpg,sad
2433.jpg,neutral
2434.jpg,neutral
2435.jpg,sad
2436.jpg,contempt
2437.jpg,happy
2438.jpg,disgust
2439.jpg,sad
244.jpg,sad
2440.jpg,happy
2441.jpg,neutral
2442.jpg,neutral
2443.jpg,sad
2444.jpg,fear
2445.jpg,surprise
2446.jpg,contempt
2447.jpg,anger
2448.jpg,surprise
2449.jpg,anger
245.jpg,surprise
2450.jpg,surprise
2451.jpg,neutral
2452.jpg,anger
2453.jpg,neutral
2454.jpg,anger
2455.jpg,anger
2456.jpg,fear
2457.jpg,anger
2458.jpg,disgust
2459.jpg,contempt
246.jpg,happy
2460.jpg,anger
2461.jpg,happy
2462.jpg,happy
2463.jpg,happy
2464.jpg,anger
2465.jpg,neutral
2466.jpg,happy
2467.jpg,neutral
2468.jpg,surprise
2469.jpg,uncertain
247.jpg,surprise
2470.jpg,surprise
2471.jpg,contempt
2472.jpg,surprise
2473.jpg,sad
2474.jpg,neutral
2475.jpg,sad
2476.jpg,uncertain
2477.jpg,sad
2478.jpg,neutral
2479.jpg,surprise
248.jpg,surprise
2480.jpg,sad
2481.jpg,neutral
2482.jpg,sad
2483.jpg,happy
2484.jpg,anger
2485.jpg,surprise
2486.jpg,uncertain
2487.jpg,sad
2488.jpg,happy
2489.jpg,contempt
249.jpg,happy
2490.jpg,disgust
2491.jpg,anger
2492.jpg,neutral
2493.jpg,neutral
2494.jpg,happy
2495.jpg,happy
2496.jpg,neutral
2497.jpg,anger
2498.jpg,surprise
2499.jpg,sad
25.jpg,neutral
250.jpg,neutral
2500.jpg,fear
2501.jpg,happy
2502.jpg,neutral
2503.jpg,neutral
2504.jpg,neutral
2505.jpg,sad
2506.jpg,contempt
2507.jpg,anger
2508.jpg,sad
2509.jpg,neutral
251.jpg,surprise
2510.jpg,happy
2511.jpg,neutral
2512.jpg,surprise
2513.jpg,sad
2514.jpg,contempt
2515.jpg,surprise
2516.jpg,surprise
2517.jpg,neutral
2518.jpg,fear
2519.jpg,sad
252.jpg,neutral
2520.jpg,happy
2521.jpg,anger
2522.jpg,happy
2523.jpg,happy
2524.jpg,sad
2525.jpg,surprise
2526.jpg,sad
2527.jpg,surprise
2528.jpg,uncertain
2529.jpg,anger
253.jpg,fear
2530.jpg,uncertain
2531.jpg,anger
2532.jpg,uncertain
2533.jpg,sad
2534.jpg,fear
2535.jpg,fear
2536.jpg,sad
2537.jpg,neutral
2538.jpg,surprise
2539.jpg,surprise
254.jpg,happy
2540.jpg,uncertain
2541.jpg,happy
2542.jpg,contempt
2543.jpg,happy
2544.jpg,uncertain
2545.jpg,surprise
2546.jpg,contempt
2547.jpg,neutral
2548.jpg,surprise
2549.jpg,neutral
255.jpg,happy
2550.jpg,surprise
2551.jpg,neutral
2552.jpg,neutral
2553.jpg,sad
2554.jpg,happy
2555.jpg,neutral
2556.jpg,neutral
2557.jpg,neutral
2558.jpg,sad
2559.jpg,happy
256.jpg,sad
2560.jpg,surprise
2561.jpg,surprise
2562.jpg,surprise
2563.jpg,sad
2564.jpg,happy
2565.jpg,neutral
2566.jpg,anger
2567.jpg,sad
2568.jpg,neutral
2569.jpg,anger
257.jpg,happy
2570.jpg,surprise
2571.jpg,surprise
2572.jpg,neutral
2573.jpg,surprise
2574.jpg,anger
2575.jpg,fear
2576.jpg,neutral
2577.jpg,neutral
2578.jpg,surprise
2579.jpg,contempt
258.jpg,sad
2580.jpg,fear
2581.jpg,neutral
2582.jpg,neutral
2583.jpg,sad
2584.jpg,neutral
2585.jpg,happy
2586.jpg,happy
2587.jpg,anger
2588.jpg,sad
2589.jpg,anger
259.jpg,contempt
2590.jpg,surprise
2591.jpg,anger
2592.jpg,surprise
2593.jpg,neutral
2594.jpg,anger
2595.jpg,neutral
2596.jpg,surprise
2597.jpg,neutral
2598.jpg,surprise
2599.jpg,sad
26.jpg,surprise
260.jpg,sad
2600.jpg,happy
2601.jpg,happy
2602.jpg,surprise
2603.jpg,surprise
2604.jpg,neutral
2605.jpg,contempt
2606.jpg,neutral
2607.jpg,neutral
2608.jpg,neutral
2609.jpg,sad
261.jpg,neutral
2610.jpg,anger
2611.jpg,contempt
2612.jpg,sad
2613.jpg,neutral
2614.jpg,anger
2615.jpg,fear
2616.jpg,happy
2617.jpg,happy
2618.jpg,uncertain
2619.jpg,surprise
262.jpg,anger
2620.jpg,happy
2621.jpg,happy
2622.jpg,neutral
2623.jpg,sad
2624.jpg,contempt
2625.jpg,fear
2626.jpg,neutral
2627.jpg,sad
2628.jpg,contempt
2629.jpg,surprise
263.jpg,surprise
2630.jpg,fear
2631.jpg,neutral
2632.jpg,surprise
2633.jpg,surprise
2634.jpg,fear
2635.jpg,happy
2636.jpg,disgust
2637.jpg,happy
2638.jpg,surprise
2639.jpg,uncertain
264.jpg,sad
2640.jpg,neutral
2641.jpg,fear
2642.jpg,neutral
2643.jpg,neutral
2644.jpg,happy
2645.jpg,neutral
2646.jpg,neutral
2647.jpg,fear
2648.jpg,uncertain
2649.jpg,contempt
265.jpg,sad
2650.jpg,surprise
2651.jpg,anger
2652.jpg,contempt
2653.jpg,anger
2654.jpg,happy
2655.jpg,happy
2656.jpg,neutral
2657.jpg,neutral
2658.jpg,uncertain
2659.jpg,sad
266.jpg,contempt
2660.jpg,happy
2661.jpg,sad
2662.jpg,happy
2663.jpg,anger
2664.jpg,neutral
2665.jpg,neutral
2666.jpg,fear
2667.jpg,neutral
2668.jpg,anger
2669.jpg,neutral
267.jpg,neutral
2670.jpg,sad
2671.jpg,happy
2672.jpg,neutral
2673.jpg,surprise
2674.jpg,anger
2675.jpg,sad
2676.jpg,fear
2677.jpg,sad
2678.jpg,happy
2679.jpg,neutral
268.jpg,surprise
2680.jpg,uncertain
2681.jpg,anger
2682.jpg,sad
2683.jpg,sad
2684.jpg,sad
2685.jpg,sad
2686.jpg,sad
2687.jpg,sad
2688.jpg,sad
2689.jpg,happy
269.jpg,anger
2690.jpg,sad
2691.jpg,anger
2692.jpg,sad
2693.jpg,sad
2694.jpg,surprise
2695.jpg,surprise
2696.jpg,neutral
2697.jpg,neutral
2698.jpg,happy
2699.jpg,neutral
27.jpg,neutral
270.jpg,anger
2700.jpg,neutral
2701.jpg,neutral
2702.jpg,sad
2703.jpg,happy
2704.jpg,neutral
2705.jpg,neutral
2706.jpg,surprise
2707.jpg,uncertain
2708.jpg,anger
2709.jpg,neutral
271.jpg,uncertain
2710.jpg,uncertain
2711.jpg,anger
2712.jpg,anger
2713.jpg,neutral
2714.jpg,anger
2715.jpg,surprise
2716.jpg,fear
2717.jpg,neutral
2718.jpg,neutral
2719.jpg,surprise
272.jpg,surprise
2720.jpg,fear
2721.jpg,anger
2722.jpg,happy
2723.jpg,happy
2724.jpg,neutral
2725.jpg,happy
2726.jpg,anger
2727.jpg,surprise
2728.jpg,fear
2729.jpg,surprise
273.jpg,anger
2730.jpg,sad
2731.jpg,anger
2732.jpg,neutral
2733.jpg,surprise
2734.jpg,fear
2735.jpg,surprise
2736.jpg,surprise
2737.jpg,neutral
2738.jpg,surprise
2739.jpg,anger
274.jpg,happy
2740.jpg,neutral
2741.jpg,anger
2742.jpg,surprise
2743.jpg,surprise
2744.jpg,uncertain
2745.jpg,uncertain
2746.jpg,contempt
2747.jpg,anger
2748.jpg,contempt
2749.jpg,neutral
275.jpg,sad
2750.jpg,sad
2751.jpg,anger
2752.jpg,fear
2753.jpg,happy
2754.jpg,contempt
2755.jpg,surprise
2756.jpg,neutral
2757.jpg,anger
2758.jpg,happy
2759.jpg,neutral
276.jpg,fear
2760.jpg,neutral
2761.jpg,neutral
2762.jpg,neutral
2763.jpg,surprise
2764.jpg,neutral
2765.jpg,sad
2766.jpg,neutral
2767.jpg,surprise
2768.jpg,contempt
2769.jpg,neutral
277.jpg,neutral
2770.jpg,neutral
2771.jpg,sad
2772.jpg,fear
2773.jpg,surprise
2774.jpg,happy
2775.jpg,happy
2776.jpg,neutral
2777.jpg,surprise
2778.jpg,sad
2779.jpg,happy
278.jpg,sad
2780.jpg,surprise
2781.jpg,neutral
2782.jpg,fear
2783.jpg,fear
2784.jpg,anger
2785.jpg,fear
2786.jpg,neutral
2787.jpg,sad
2788.jpg,neutral
2789.jpg,neutral
279.jpg,sad
2790.jpg,sad
2791.jpg,surprise
2792.jpg,fear
2793.jpg,anger
2794.jpg,surprise
2795.jpg,sad
2796.jpg,anger
2797.jpg,anger
2798.jpg,uncertain
2799.jpg,sad
28.jpg,uncertain
280.jpg,surprise
2800.jpg,happy
2801.jpg,anger
2802.jpg,fear
2803.jpg,happy
2804.jpg,surprise
2805.jpg,neutral
2806.jpg,anger
2807.jpg,anger
2808.jpg,fear
2809.jpg,neutral
281.jpg,anger
2810.jpg,sad
2811.jpg,surprise
2812.jpg,sad
2813.jpg,uncertain
2814.jpg,disgust
2815.jpg,neutral
2816.jpg,neutral
2817.jpg,neutral
2818.jpg,fear
2819.jpg,happy
282.jpg,surprise
2820.jpg,happy
2821.jpg,neutral
2822.jpg,surprise
2823.jpg,anger
2824.jpg,surprise
2825.jpg,neutral
2826.jpg,disgust
2827.jpg,surprise
2828.jpg,uncertain
2829.jpg,anger
283.jpg,surprise
2830.jpg,fear
2831.jpg,uncertain
2832.jpg,anger
2833.jpg,surprise
2834.jpg,neutral
2835.jpg,fear
2836.jpg,neutral
2837.jpg,anger
2838.jpg,anger
2839.jpg,neutral
284.jpg,surprise
2840.jpg,neutral
2841.jpg,uncertain
2842.jpg,happy
2843.jpg,fear
2844.jpg,surprise
2845.jpg,uncertain
2846.jpg,neutral
2847.jpg,uncertain
2848.jpg,anger
2849.jpg,surprise
285.jpg,anger
2850.jpg,neutral
2851.jpg,contempt
2852.jpg,anger
2853.jpg,neutral
2854.jpg,surprise
2855.jpg,neutral
2856.jpg,neutral
2857.jpg,fear
2858.jpg,happy
2859.jpg,neutral
286.jpg,happy
2860.jpg,sad
2861.jpg,surprise
2862.jpg,neutral
2863.jpg,neutral
2864.jpg,neutral
2865.jpg,sad
2866.jpg,surprise
2867.jpg,neutral
2868.jpg,neutral
2869.jpg,sad
287.jpg,sad
2870.jpg,neutral
2871.jpg,sad
2872.jpg,uncertain
2873.jpg,fear
2874.jpg,surprise
2875.jpg,fear
2876.jpg,surprise
2877.jpg,uncertain
2878.jpg,anger
2879.jpg,fear
288.jpg,happy
2880.jpg,anger
2881.jpg,surprise
2882.jpg,contempt
2883.jpg,happy
2884.jpg,sad
2885.jpg,sad
2886.jpg,anger
2887.jpg,happy
2888.jpg,sad
2889.jpg,neutral
289.jpg,neutral
2890.jpg,surprise
2891.jpg,neutral
2892.jpg,anger
2893.jpg,uncertain
2894.jpg,sad
2895.jpg,sad
2896.jpg,surprise
2897.jpg,contempt
2898.jpg,sad
2899.jpg,fear
29.jpg,anger
290.jpg,surprise
2900.jpg,fear
2901.jpg,anger
2902.jpg,neutral
2903.jpg,happy
2904.jpg,neutral
2905.jpg,neutral
2906.jpg,contempt
2907.jpg,neutral
2908.jpg,neutral
2909.jpg,neutral
291.jpg,uncertain
2910.jpg,neutral
2911.jpg,anger
2912.jpg,surprise
2913.jpg,neutral
2914.jpg,neutral
2915.jpg,sad
2916.jpg,fear
2917.jpg,sad
2918.jpg,uncertain
2919.jpg,neutral
292.jpg,happy
2920.jpg,neutral
2921.jpg,anger
2922.jpg,neutral
2923.jpg,neutral
2924.jpg,neutral
2925.jpg,happy
2926.jpg,contempt
2927.jpg,neutral
2928.jpg,disgust
2929.jpg,sad
293.jpg,happy
2930.jpg,neutral
2931.jpg,surprise
2932.jpg,sad
2933.jpg,neutral
2934.jpg,anger
2935.jpg,neutral
2936.jpg,anger
2937.jpg,sad
2938.jpg,neutral
2939.jpg,neutral
294.jpg,sad
2940.jpg,happy
2941.jpg,contempt
2942.jpg,sad
2943.jpg,sad
2944.jpg,sad
2945.jpg,happy
2946.jpg,anger
2947.jpg,anger
2948.jpg,neutral
2949.jpg,sad
295.jpg,anger
2950.jpg,happy
2951.jpg,happy
2952.jpg,neutral
2953.jpg,happy
2954.jpg,sad
2955.jpg,anger
2956.jpg,fear
2957.jpg,anger
2958.jpg,neutral
2959.jpg,sad
296.jpg,happy
2960.jpg,anger
2961.jpg,uncertain
2962.jpg,sad
2963.jpg,sad
2964.jpg,surprise
2965.jpg,sad
2966.jpg,happy
2967.jpg,sad
2968.jpg,fear
2969.jpg,sad
297.jpg,neutral
2970.jpg,neutral
2971.jpg,happy
2972.jpg,sad
2973.jpg,anger
2974.jpg,surprise
2975.jpg,surprise
2976.jpg,anger
2977.jpg,neutral
2978.jpg,sad
2979.jpg,uncertain
298.jpg,fear
2980.jpg,surprise
2981.jpg,neutral
2982.jpg,uncertain
2983.jpg,anger
2984.jpg,sad
2985.jpg,surprise
2986.jpg,anger
2987.jpg,neutral
2988.jpg,happy
2989.jpg,anger
299.jpg,disgust
2990.jpg,disgust
2991.jpg,fear
2992.jpg,happy
2993.jpg,disgust
2994.jpg,neutral
2995.jpg,happy
2996.jpg,anger
2997.jpg,neutral
2998.jpg,neutral
2999.jpg,neutral
3.jpg,disgust
30.jpg,surprise
300.jpg,surprise
3000.jpg,contempt
3001.jpg,surprise
3002.jpg,sad
3003.jpg,surprise
3004.jpg,neutral
3005.jpg,neutral
3006.jpg,fear
3007.jpg,surprise
3008.jpg,anger
3009.jpg,anger
301.jpg,anger
3010.jpg,fear
3011.jpg,disgust
3012.jpg,fear
3013.jpg,neutral
3014.jpg,surprise
3015.jpg,happy
3016.jpg,neutral
3017.jpg,surprise
3018.jpg,contempt
3019.jpg,happy
302.jpg,uncertain
3020.jpg,happy
3021.jpg,neutral
3022.jpg,neutral
3023.jpg,fear
3024.jpg,contempt
3025.jpg,fear
3026.jpg,neutral
3027.jpg,surprise
3028.jpg,sad
3029.jpg,surprise
303.jpg,fear
3030.jpg,neutral
3031.jpg,neutral
3032.jpg,sad
3033.jpg,happy
3034.jpg,neutral
3035.jpg,happy
3036.jpg,disgust
3037.jpg,uncertain
3038.jpg,surprise
3039.jpg,neutral
304.jpg,neutral
3040.jpg,anger
3041.jpg,contempt
3042.jpg,disgust
3043.jpg,happy
3044.jpg,uncertain
3045.jpg,contempt
3046.jpg,neutral
3047.jpg,surprise
3048.jpg,neutral
3049.jpg,neutral
305.jpg,surprise
3050.jpg,neutral
3051.jpg,contempt
3052.jpg,uncertain
3053.jpg,happy
3054.jpg,anger
3055.jpg,happy
3056.jpg,anger
3057.jpg,neutral
3058.jpg,contempt
3059.jpg,sad
306.jpg,neutral
3060.jpg,surprise
3061.jpg,sad
3062.jpg,sad
3063.jpg,anger
3064.jpg,sad
3065.jpg,surprise
3066.jpg,fear
3067.jpg,uncertain
3068.jpg,happy
3069.jpg,surprise
307.jpg,anger
3070.jpg,sad
3071.jpg,happy
3072.jpg,happy
3073.jpg,happy
3074.jpg,anger
3075.jpg,happy
3076.jpg,uncertain
3077.jpg,happy
3078.jpg,uncertain
3079.jpg,anger
308.jpg,neutral
3080.jpg,surprise
3081.jpg,sad
3082.jpg,surprise
3083.jpg,sad
3084.jpg,sad
3085.jpg,sad
3086.jpg,disgust
3087.jpg,neutral
3088.jpg,sad
3089.jpg,sad
309.jpg,happy
3090.jpg,fear
3091.jpg,happy
3092.jpg,neutral
3093.jpg,anger
3094.jpg,happy
3095.jpg,neutral
3096.jpg,happy
3097.jpg,neutral
3098.jpg,surprise
3099.jpg,contempt
31.jpg,surprise
310.jpg,sad
3100.jpg,neutral
3101.jpg,surprise
3102.jpg,neutral
3103.jpg,surprise
3104.jpg,neutral
3105.jpg,happy
3106.jpg,anger
3107.jpg,neutral
3108.jpg,happy
3109.jpg,neutral
311.jpg,neutral
3110.jpg,surprise
3111.jpg,neutral
3112.jpg,contempt
3113.jpg,fear
3114.jpg,happy
3115.jpg,surprise
3116.jpg,anger
3117.jpg,happy
3118.jpg,anger
3119.jpg,neutral
312.jpg,happy
3120.jpg,happy
3121.jpg,neutral
3122.jpg,fear
3123.jpg,happy
3124.jpg,neutral
3125.jpg,neutral
3126.jpg,happy
3127.jpg,surprise
3128.jpg,contempt
3129.jpg,surprise
313.jpg,surprise
3130.jpg,surprise
3131.jpg,surprise
3132.jpg,happy
3133.jpg,uncertain
3134.jpg,uncertain
3135.jpg,surprise
3136.jpg,happy
3137.jpg,anger
3138.jpg,surprise
3139.jpg,neutral
314.jpg,surprise
3140.jpg,anger
3141.jpg,neutral
3142.jpg,surprise
3143.jpg,sad
3144.jpg,neutral
3145.jpg,fear
3146.jpg,neutral
3147.jpg,sad
3148.jpg,surprise
3149.jpg,surprise
315.jpg,contempt
3150.jpg,fear
3151.jpg,contempt
3152.jpg,uncertain
3153.jpg,neutral
3154.jpg,anger
3155.jpg,neutral
3156.jpg,fear
3157.jpg,neutral
3158.jpg,neutral
3159.jpg,neutral
316.jpg,fear
3160.jpg,uncertain
3161.jpg,happy
3162.jpg,neutral
3163.jpg,sad
3164.jpg,neutral
3165.jpg,happy
3166.jpg,fear
3167.jpg,contempt
3168.jpg,anger
3169.jpg,anger
317.jpg,neutral
3170.jpg,uncertain
3171.jpg,neutral
3172.jpg,sad
3173.jpg,anger
3174.jpg,sad
3175.jpg,neutral
3176.jpg,happy
3177.jpg,sad
3178.jpg,fear
3179.jpg,contempt
318.jpg,sad
3180.jpg,sad
3181.jpg,sad
3182.jpg,sad
3183.jpg,happy
3184.jpg,anger
3185.jpg,anger
3186.jpg,surprise
3187.jpg,sad
3188.jpg,contempt
3189.jpg,anger
319.jpg,sad
3190.jpg,happy
3191.jpg,anger
3192.jpg,happy
3193.jpg,contempt
3194.jpg,sad
3195.jpg,contempt
3196.jpg,surprise
3197.jpg,anger
3198.jpg,anger
3199.jpg,anger
32.jpg,neutral
320.jpg,surprise
3200.jpg,uncertain
3201.jpg,neutral
3202.jpg,surprise
3203.jpg,neutral
3204.jpg,neutral
3205.jpg,neutral
3206.jpg,surprise
3207.jpg,neutral
3208.jpg,happy
3209.jpg,sad
321.jpg,sad
3210.jpg,anger
3211.jpg,neutral
3212.jpg,sad
3213.jpg,sad
3214.jpg,surprise
3215.jpg,sad
3216.jpg,sad
3217.jpg,anger
3218.jpg,neutral
3219.jpg,contempt
322.jpg,happy
3220.jpg,sad
3221.jpg,anger
3222.jpg,surprise
3223.jpg,surprise
3224.jpg,happy
3225.jpg,neutral
3226.jpg,surprise
3227.jpg,sad
3228.jpg,anger
3229.jpg,sad
323.jpg,anger
3230.jpg,happy
3231.jpg,uncertain
3232.jpg,surprise
3233.jpg,sad
3234.jpg,happy
3235.jpg,happy
3236.jpg,anger
3237.jpg,anger
3238.jpg,surprise
3239.jpg,neutral
324.jpg,fear
3240.jpg,surprise
3241.jpg,fear
3242.jpg,happy
3243.jpg,neutral
3244.jpg,neutral
3245.jpg,neutral
3246.jpg,happy
3247.jpg,sad
3248.jpg,anger
3249.jpg,contempt
325.jpg,happy
3250.jpg,sad
3251.jpg,happy
3252.jpg,neutral
3253.jpg,sad
3254.jpg,neutral
3255.jpg,neutral
3256.jpg,contempt
3257.jpg,surprise
3258.jpg,surprise
3259.jpg,happy
326.jpg,happy
3260.jpg,neutral
3261.jpg,anger
3262.jpg,surprise
3263.jpg,happy
3264.jpg,contempt
3265.jpg,fear
3266.jpg,neutral
3267.jpg,uncertain
3268.jpg,neutral
3269.jpg,surprise
327.jpg,anger
3270.jpg,contempt
3271.jpg,fear
3272.jpg,anger
3273.jpg,fear
3274.jpg,neutral
3275.jpg,surprise
3276.jpg,fear
3277.jpg,surprise
3278.jpg,anger
3279.jpg,contempt
328.jpg,surprise
3280.jpg,fear
3281.jpg,neutral
3282.jpg,happy
3283.jpg,neutral
3284.jpg,uncertain
3285.jpg,sad
3286.jpg,surprise
3287.jpg,surprise
3288.jpg,anger
3289.jpg,neutral
329.jpg,surprise
3290.jpg,surprise
3291.jpg,surprise
3292.jpg,neutral
3293.jpg,happy
3294.jpg,sad
3295.jpg,anger
3296.jpg,neutral
3297.jpg,surprise
3298.jpg,anger
3299.jpg,anger
33.jpg,surprise
330.jpg,surprise
3300.jpg,fear
3301.jpg,neutral
3302.jpg,happy
3303.jpg,neutral
3304.jpg,happy
3305.jpg,contempt
3306.jpg,neutral
3307.jpg,neutral
3308.jpg,surprise
3309.jpg,sad
331.jpg,anger
3310.jpg,fear
3311.jpg,happy
3312.jpg,uncertain
3313.jpg,sad
3314.jpg,happy
3315.jpg,neutral
3316.jpg,sad
3317.jpg,neutral
3318.jpg,surprise
3319.jpg,neutral
332.jpg,disgust
3320.jpg,sad
3321.jpg,surprise
3322.jpg,surprise
3323.jpg,happy
3324.jpg,disgust
3325.jpg,happy
3326.jpg,surprise
3327.jpg,happy
3328.jpg,uncertain
3329.jpg,surprise
333.jpg,disgust
3330.jpg,surprise
3331.jpg,neutral
3332.jpg,anger
3333.jpg,neutral
3334.jpg,uncertain
3335.jpg,neutral
3336.jpg,fear
3337.jpg,sad
3338.jpg,neutral
3339.jpg,surprise
334.jpg,anger
3340.jpg,happy
3341.jpg,surprise
3342.jpg,neutral
3343.jpg,surprise
3344.jpg,happy
3345.jpg,happy
3346.jpg,uncertain
3347.jpg,happy
3348.jpg,neutral
3349.jpg,surprise
335.jpg,neutral
3350.jpg,neutral
3351.jpg,neutral
3352.jpg,surprise
3353.jpg,surprise
3354.jpg,neutral
3355.jpg,neutral
3356.jpg,sad
3357.jpg,neutral
3358.jpg,happy
3359.jpg,neutral
336.jpg,neutral
3360.jpg,sad
3361.jpg,neutral
3362.jpg,surprise
3363.jpg,surprise
3364.jpg,neutral
3365.jpg,sad
3366.jpg,happy
3367.jpg,fear
3368.jpg,happy
3369.jpg,surprise
337.jpg,neutral
3370.jpg,surprise
3371.jpg,uncertain
3372.jpg,surprise
3373.jpg,neutral
3374.jpg,contempt
3375.jpg,neutral
3376.jpg,uncertain
3377.jpg,uncertain
3378.jpg,sad
3379.jpg,surprise
338.jpg,sad
3380.jpg,sad
3381.jpg,happy
3382.jpg,uncertain
3383.jpg,anger
3384.jpg,uncertain
3385.jpg,uncertain
3386.jpg,contempt
3387.jpg,neutral
3388.jpg,surprise
3389.jpg,neutral
339.jpg,uncertain
3390.jpg,fear
3391.jpg,happy
3392.jpg,sad
3393.jpg,neutral
3394.jpg,neutral
3395.jpg,sad
3396.jpg,neutral
3397.jpg,neutral
3398.jpg,neutral
3399.jpg,neutral
34.jpg,neutral
340.jpg,surprise
3400.jpg,neutral
3401.jpg,sad
3402.jpg,anger
3403.jpg,sad
3404.jpg,happy
3405.jpg,sad
3406.jpg,sad
3407.jpg,sad
3408.jpg,neutral
3409.jpg,sad
341.jpg,happy
3410.jpg,disgust
3411.jpg,neutral
3412.jpg,happy
3413.jpg,sad
3414.jpg,sad
3415.jpg,happy
3416.jpg,surprise
3417.jpg,happy
3418.jpg,anger
3419.jpg,disgust
342.jpg,anger
3420.jpg,surprise
3421.jpg,neutral
3422.jpg,sad
3423.jpg,anger
3424.jpg,anger
3425.jpg,uncertain
3426.jpg,happy
3427.jpg,happy
3428.jpg,anger
3429.jpg,fear
343.jpg,contempt
3430.jpg,neutral
3431.jpg,neutral
3432.jpg,sad
3433.jpg,anger
3434.jpg,neutral
3435.jpg,uncertain
3436.jpg,fear
3437.jpg,neutral
3438.jpg,neutral
3439.jpg,happy
344.jpg,sad
3440.jpg,sad
3441.jpg,contempt
3442.jpg,surprise
3443.jpg,uncertain
3444.jpg,neutral
3445.jpg,anger
3446.jpg,contempt
3447.jpg,surprise
3448.jpg,surprise
3449.jpg,surprise
345.jpg,disgust
3450.jpg,neutral
3451.jpg,fear
3452.jpg,disgust
3453.jpg,happy
3454.jpg,neutral
3455.jpg,surprise
3456.jpg,happy
3457.jpg,sad
3458.jpg,sad
3459.jpg,sad
346.jpg,uncertain
3460.jpg,happy
3461.jpg,neutral
3462.jpg,anger
3463.jpg,contempt
3464.jpg,neutral
3465.jpg,neutral
3466.jpg,sad
3467.jpg,sad
3468.jpg,neutral
3469.jpg,anger
347.jpg,uncertain
3470.jpg,sad
3471.jpg,fear
3472.jpg,uncertain
3473.jpg,happy
3474.jpg,uncertain
3475.jpg,surprise
3476.jpg,anger
3477.jpg,fear
3478.jpg,anger
3479.jpg,neutral
348.jpg,happy
3480.jpg,neutral
3481.jpg,neutral
3482.jpg,fear
3483.jpg,neutral
3484.jpg,neutral
3485.jpg,happy
3486.jpg,happy
3487.jpg,sad
3488.jpg,sad
3489.jpg,contempt
349.jpg,happy
3490.jpg,fear
3491.jpg,surprise
3492.jpg,fear
3493.jpg,uncertain
3494.jpg,uncertain
3495.jpg,happy
3496.jpg,happy
3497.jpg,surprise
3498.jpg,neutral
3499.jpg,fear
35.jpg,neutral
350.jpg,neutral
3500.jpg,surprise
3501.jpg,happy
3502.jpg,happy
3503.jpg,uncertain
3504.jpg,happy
3505.jpg,anger
3506.jpg,neutral
3507.jpg,neutral
3508.jpg,neutral
3509.jpg,neutral
351.jpg,surprise
3510.jpg,contempt
3511.jpg,sad
3512.jpg,sad
3513.jpg,anger
3514.jpg,anger
3515.jpg,anger
3516.jpg,neutral
3517.jpg,uncertain
3518.jpg,disgust
3519.jpg,sad
352.jpg,neutral
3520.jpg,anger
3521.jpg,sad
3522.jpg,neutral
3523.jpg,sad
3524.jpg,contempt
3525.jpg,surprise
3526.jpg,happy
3527.jpg,fear
3528.jpg,sad
3529.jpg,sad
353.jpg,anger
3530.jpg,anger
3531.jpg,fear
3532.jpg,surprise
3533.jpg,neutral
3534.jpg,fear
3535.jpg,neutral
3536.jpg,neutral
3537.jpg,uncertain
3538.jpg,sad
3539.jpg,neutral
354.jpg,sad
3540.jpg,surprise
3541.jpg,surprise
3542.jpg,sad
3543.jpg,disgust
3544.jpg,fear
3545.jpg,happy
3546.jpg,sad
3547.jpg,surprise
3548.jpg,sad
3549.jpg,happy
355.jpg,sad
3550.jpg,neutral
3551.jpg,uncertain
3552.jpg,happy
3553.jpg,anger
3554.jpg,neutral
3555.jpg,contempt
3556.jpg,surprise
3557.jpg,contempt
3558.jpg,neutral
3559.jpg,sad
356.jpg,neutral
3560.jpg,neutral
3561.jpg,sad
3562.jpg,fear
3563.jpg,fear
3564.jpg,surprise
3565.jpg,anger
3566.jpg,fear
3567.jpg,surprise
3568.jpg,neutral
3569.jpg,sad
357.jpg,anger
3570.jpg,sad
3571.jpg,sad
3572.jpg,surprise
3573.jpg,happy
3574.jpg,uncertain
3575.jpg,surprise
3576.jpg,sad
3577.jpg,surprise
3578.jpg,neutral
3579.jpg,contempt
358.jpg,fear
3580.jpg,contempt
3581.jpg,sad
3582.jpg,sad
3583.jpg,sad
3584.jpg,anger
3585.jpg,sad
3586.jpg,contempt
3587.jpg,surprise
3588.jpg,surprise
3589.jpg,sad
359.jpg,happy
3590.jpg,anger
3591.jpg,anger
3592.jpg,uncertain
3593.jpg,sad
3594.jpg,happy
3595.jpg,disgust
3596.jpg,anger
3597.jpg,sad
3598.jpg,happy
3599.jpg,surprise
36.jpg,contempt
360.jpg,anger
3600.jpg,neutral
3601.jpg,contempt
3602.jpg,neutral
3603.jpg,surprise
3604.jpg,sad
3605.jpg,neutral
3606.jpg,surprise
3607.jpg,anger
3608.jpg,happy
3609.jpg,surprise
361.jpg,sad
3610.jpg,happy
3611.jpg,sad
3612.jpg,sad
3613.jpg,neutral
3614.jpg,sad
3615.jpg,uncertain
3616.jpg,surprise
3617.jpg,neutral
3618.jpg,surprise
3619.jpg,neutral
362.jpg,neutral
3620.jpg,uncertain
3621.jpg,anger
3622.jpg,contempt
3623.jpg,happy
3624.jpg,neutral
3625.jpg,contempt
3626.jpg,sad
3627.jpg,happy
3628.jpg,neutral
3629.jpg,fear
363.jpg,happy
3630.jpg,anger
3631.jpg,neutral
3632.jpg,sad
3633.jpg,neutral
3634.jpg,neutral
3635.jpg,sad
3636.jpg,anger
3637.jpg,fear
3638.jpg,sad
3639.jpg,anger
364.jpg,uncertain
3640.jpg,neutral
3641.jpg,happy
3642.jpg,uncertain
3643.jpg,fear
3644.jpg,anger
3645.jpg,happy
3646.jpg,happy
3647.jpg,surprise
3648.jpg,happy
3649.jpg,contempt
365.jpg,sad
3650.jpg,happy
3651.jpg,happy
3652.jpg,anger
3653.jpg,disgust
3654.jpg,surprise
3655.jpg,surprise
3656.jpg,neutral
3657.jpg,neutral
3658.jpg,neutral
3659.jpg,anger
366.jpg,neutral
3660.jpg,surprise
3661.jpg,contempt
3662.jpg,anger
3663.jpg,fear
3664.jpg,sad
3665.jpg,anger
3666.jpg,uncertain
3667.jpg,anger
3668.jpg,anger
3669.jpg,sad
367.jpg,anger
3670.jpg,surprise
3671.jpg,happy
3672.jpg,neutral
3673.jpg,neutral
3674.jpg,neutral
3675.jpg,sad
3676.jpg,neutral
3677.jpg,sad
3678.jpg,surprise
3679.jpg,anger
368.jpg,anger
3680.jpg,surprise
3681.jpg,anger
3682.jpg,sad
3683.jpg,neutral
3684.jpg,uncertain
3685.jpg,neutral
3686.jpg,anger
3687.jpg,disgust
3688.jpg,happy
3689.jpg,uncertain
369.jpg,sad
3690.jpg,sad
3691.jpg,surprise
3692.jpg,sad
3693.jpg,happy
3694.jpg,neutral
3695.jpg,sad
3696.jpg,sad
3697.jpg,surprise
3698.jpg,anger
3699.jpg,neutral
37.jpg,happy
370.jpg,surprise
3700.jpg,neutral
3701.jpg,happy
3702.jpg,happy
3703.jpg,contempt
3704.jpg,neutral
3705.jpg,happy
3706.jpg,contempt
3707.jpg,happy
3708.jpg,sad
3709.jpg,sad
371.jpg,contempt
3710.jpg,uncertain
3711.jpg,anger
3712.jpg,sad
3713.jpg,anger
3714.jpg,sad
3715.jpg,neutral
3716.jpg,uncertain
3717.jpg,anger
3718.jpg,surprise
3719.jpg,fear
372.jpg,disgust
3720.jpg,neutral
3721.jpg,anger
3722.jpg,anger
3723.jpg,surprise
3724.jpg,neutral
3725.jpg,anger
3726.jpg,anger
3727.jpg,surprise
3728.jpg,sad
3729.jpg,neutral
373.jpg,happy
3730.jpg,neutral
3731.jpg,uncertain
3732.jpg,neutral
3733.jpg,neutral
3734.jpg,neutral
3735.jpg,neutral
3736.jpg,uncertain
3737.jpg,happy
3738.jpg,sad
3739.jpg,sad
374.jpg,happy
3740.jpg,fear
3741.jpg,surprise
3742.jpg,sad
3743.jpg,sad
3744.jpg,anger
3745.jpg,anger
3746.jpg,sad
3747.jpg,anger
3748.jpg,surprise
3749.jpg,sad
375.jpg,surprise
3750.jpg,surprise
3751.jpg,fear
3752.jpg,neutral
3753.jpg,sad
3754.jpg,neutral
3755.jpg,surprise
3756.jpg,happy
3757.jpg,neutral
3758.jpg,neutral
3759.jpg,anger
376.jpg,sad
3760.jpg,sad
3761.jpg,anger
3762.jpg,neutral
3763.jpg,uncertain
3764.jpg,surprise
3765.jpg,sad
3766.jpg,happy
3767.jpg,surprise
3768.jpg,surprise
3769.jpg,surprise
377.jpg,neutral
3770.jpg,happy
3771.jpg,anger
3772.jpg,sad
3773.jpg,anger
3774.jpg,neutral
3775.jpg,disgust
3776.jpg,surprise
3777.jpg,neutral
3778.jpg,happy
3779.jpg,neutral
378.jpg,neutral
3780.jpg,happy
3781.jpg,anger
3782.jpg,happy
3783.jpg,anger
3784.jpg,uncertain
3785.jpg,anger
3786.jpg,anger
3787.jpg,surprise
3788.jpg,neutral
3789.jpg,sad
379.jpg,surprise
3790.jpg,surprise
3791.jpg,sad
3792.jpg,surprise
3793.jpg,neutral
3794.jpg,sad
3795.jpg,sad
3796.jpg,anger
3797.jpg,disgust
3798.jpg,surprise
3799.jpg,surprise
38.jpg,surprise
380.jpg,surprise
3800.jpg,contempt
3801.jpg,neutral
3802.jpg,neutral
3803.jpg,surprise
3804.jpg,neutral
3805.jpg,disgust
3806.jpg,happy
3807.jpg,neutral
3808.jpg,uncertain
3809.jpg,disgust
381.jpg,neutral
3810.jpg,surprise
3811.jpg,surprise
3812.jpg,contempt
3813.jpg,happy
3814.jpg,contempt
3815.jpg,sad
3816.jpg,neutral
3817.jpg,surprise
3818.jpg,neutral
3819.jpg,anger
382.jpg,contempt
3820.jpg,anger
3821.jpg,neutral
3822.jpg,sad
3823.jpg,surprise
3824.jpg,happy
3825.jpg,uncertain
3826.jpg,anger
3827.jpg,surprise
3828.jpg,anger
3829.jpg,surprise
383.jpg,happy
3830.jpg,surprise
3831.jpg,uncertain
3832.jpg,neutral
3833.jpg,surprise
3834.jpg,surprise
3835.jpg,surprise
3836.jpg,neutral
3837.jpg,anger
3838.jpg,neutral
3839.jpg,surprise
384.jpg,sad
3840.jpg,fear
3841.jpg,happy
3842.jpg,uncertain
3843.jpg,anger
3844.jpg,neutral
3845.jpg,fear
3846.jpg,sad
3847.jpg,happy
3848.jpg,fear
3849.jpg,sad
385.jpg,sad
3850.jpg,fear
3851.jpg,disgust
3852.jpg,fear
3853.jpg,neutral
3854.jpg,sad
3855.jpg,surprise
3856.jpg,neutral
3857.jpg,surprise
3858.jpg,neutral
3859.jpg,anger
386.jpg,sad
3860.jpg,anger
3861.jpg,happy
3862.jpg,contempt
3863.jpg,neutral
3864.jpg,neutral
3865.jpg,sad
3866.jpg,fear
3867.jpg,surprise
3868.jpg,neutral
3869.jpg,happy
387.jpg,anger
3870.jpg,happy
3871.jpg,surprise
3872.jpg,neutral
3873.jpg,happy
3874.jpg,neutral
3875.jpg,fear
3876.jpg,anger
3877.jpg,surprise
3878.jpg,fear
3879.jpg,anger
388.jpg,sad
3880.jpg,neutral
3881.jpg,anger
3882.jpg,anger
3883.jpg,anger
3884.jpg,neutral
3885.jpg,fear
3886.jpg,sad
3887.jpg,sad
3888.jpg,neutral
3889.jpg,sad
389.jpg,contempt
3890.jpg,surprise
3891.jpg,happy
3892.jpg,contempt
3893.jpg,sad
3894.jpg,neutral
3895.jpg,sad
3896.jpg,surprise
3897.jpg,neutral
3898.jpg,neutral
3899.jpg,neutral
39.jpg,contempt
390.jpg,surprise
3900.jpg,neutral
3901.jpg,happy
3902.jpg,neutral
3903.jpg,happy
3904.jpg,neutral
3905.jpg,neutral
3906.jpg,sad
3907.jpg,anger
3908.jpg,contempt
3909.jpg,uncertain
391.jpg,uncertain
3910.jpg,happy
3911.jpg,neutral
3912.jpg,fear
3913.jpg,uncertain
3914.jpg,surprise
3915.jpg,disgust
3916.jpg,uncertain
3917.jpg,neutral
3918.jpg,neutral
3919.jpg,neutral
392.jpg,happy
3920.jpg,uncertain
3921.jpg,surprise
3922.jpg,neutral
3923.jpg,surprise
3924.jpg,contempt
3925.jpg,sad
3926.jpg,disgust
3927.jpg,anger
3928.jpg,uncertain
3929.jpg,contempt
393.jpg,surprise
3930.jpg,surprise
3931.jpg,sad
3932.jpg,neutral
3933.jpg,sad
3934.jpg,happy
3935.jpg,surprise
3936.jpg,contempt
3937.jpg,anger
3938.jpg,happy
3939.jpg,happy
394.jpg,neutral
3940.jpg,happy
3941.jpg,neutral
3942.jpg,neutral
3943.jpg,neutral
3944.jpg,neutral
3945.jpg,neutral
3946.jpg,anger
3947.jpg,surprise
3948.jpg,sad
3949.jpg,neutral
395.jpg,neutral
3950.jpg,surprise
3951.jpg,uncertain
3952.jpg,happy
3953.jpg,sad
3954.jpg,anger
3955.jpg,neutral
3956.jpg,surprise
3957.jpg,neutral
3958.jpg,fear
3959.jpg,surprise
396.jpg,fear
3960.jpg,anger
3961.jpg,sad
3962.jpg,anger
3963.jpg,neutral
3964.jpg,sad
3965.jpg,sad
3966.jpg,contempt
3967.jpg,surprise
3968.jpg,anger
3969.jpg,anger
397.jpg,surprise
3970.jpg,disgust
3971.jpg,happy
3972.jpg,contempt
3973.jpg,happy
3974.jpg,anger
3975.jpg,neutral
3976.jpg,happy
3977.jpg,neutral
3978.jpg,neutral
3979.jpg,sad
398.jpg,surprise
3980.jpg,neutral
3981.jpg,surprise
3982.jpg,neutral
3983.jpg,surprise
3984.jpg,sad
3985.jpg,neutral
3986.jpg,uncertain
3987.jpg,contempt
3988.jpg,anger
3989.jpg,contempt
399.jpg,sad
3990.jpg,contempt
3991.jpg,neutral
3992.jpg,surprise
3993.jpg,anger
3994.jpg,neutral
3995.jpg,sad
3996.jpg,anger
3997.jpg,neutral
3998.jpg,contempt
3999.jpg,neutral
4.jpg,neutral
40.jpg,neutral
400.jpg,anger
4000.jpg,surprise
4001.jpg,sad
4002.jpg,happy
4003.jpg,neutral
4004.jpg,neutral
4005.jpg,surprise
4006.jpg,anger
4007.jpg,neutral
4008.jpg,sad
4009.jpg,surprise
401.jpg,fear
4010.jpg,contempt
4011.jpg,contempt
4012.jpg,uncertain
4013.jpg,neutral
4014.jpg,sad
4015.jpg,happy
4016.jpg,sad
4017.jpg,neutral
4018.jpg,anger
4019.jpg,neutral
402.jpg,sad
4020.jpg,happy
4021.jpg,surprise
4022.jpg,happy
4023.jpg,sad
4024.jpg,contempt
4025.jpg,happy
4026.jpg,neutral
4027.jpg,surprise
4028.jpg,happy
4029.jpg,contempt
403.jpg,neutral
4030.jpg,neutral
4031.jpg,fear
4032.jpg,anger
4033.jpg,anger
4034.jpg,surprise
4035.jpg,fear
4036.jpg,happy
4037.jpg,uncertain
4038.jpg,neutral
4039.jpg,anger
404.jpg,neutral
4040.jpg,happy
4041.jpg,neutral
4042.jpg,disgust
4043.jpg,neutral
4044.jpg,neutral
4045.jpg,neutral
4046.jpg,happy
4047.jpg,fear
4048.jpg,fear
4049.jpg,anger
405.jpg,contempt
4050.jpg,happy
4051.jpg,neutral
4052.jpg,uncertain
4053.jpg,neutral
4054.jpg,neutral
4055.jpg,neutral
4056.jpg,happy
4057.jpg,neutral
4058.jpg,neutral
4059.jpg,sad
406.jpg,happy
4060.jpg,neutral
4061.jpg,sad
4062.jpg,happy
4063.jpg,anger
4064.jpg,neutral
4065.jpg,surprise
4066.jpg,neutral
4067.jpg,contempt
4068.jpg,happy
4069.jpg,surprise
407.jpg,sad
4070.jpg,neutral
4071.jpg,contempt
4072.jpg,sad
4073.jpg,uncertain
4074.jpg,happy
4075.jpg,neutral
4076.jpg,sad
4077.jpg,neutral
4078.jpg,disgust
4079.jpg,surprise
408.jpg,neutral
4080.jpg,happy
4081.jpg,surprise
4082.jpg,anger
4083.jpg,happy
4084.jpg,uncertain
4085.jpg,neutral
4086.jpg,neutral
4087.jpg,neutral
4088.jpg,happy
4089.jpg,happy
409.jpg,surprise
4090.jpg,surprise
4091.jpg,anger
4092.jpg,sad
4093.jpg,fear
4094.jpg,anger
4095.jpg,sad
4096.jpg,neutral
4097.jpg,surprise
4098.jpg,neutral
4099.jpg,fear
41.jpg,fear
410.jpg,disgust
4100.jpg,anger
4101.jpg,happy
4102.jpg,anger
4103.jpg,surprise
4104.jpg,sad
4105.jpg,sad
4106.jpg,anger
4107.jpg,anger
4108.jpg,surprise
4109.jpg,sad
411.jpg,sad
4110.jpg,sad
4111.jpg,sad
4112.jpg,neutral
4113.jpg,uncertain
4114.jpg,sad
4115.jpg,neutral
4116.jpg,neutral
4117.jpg,surprise
4118.jpg,anger
4119.jpg,sad
412.jpg,neutral
4120.jpg,uncertain
4121.jpg,contempt
4122.jpg,surprise
4123.jpg,happy
4124.jpg,sad
4125.jpg,uncertain
4126.jpg,surprise
4127.jpg,surprise
4128.jpg,contempt
4129.jpg,sad
413.jpg,happy
4130.jpg,happy
4131.jpg,anger
4132.jpg,neutral
4133.jpg,fear
4134.jpg,surprise
4135.jpg,anger
4136.jpg,neutral
4137.jpg,fear
4138.jpg,contempt
4139.jpg,neutral
414.jpg,neutral
4140.jpg,happy
4141.jpg,anger
4142.jpg,neutral
4143.jpg,sad
4144.jpg,sad
4145.jpg,anger
4146.jpg,neutral
4147.jpg,neutral
4148.jpg,anger
4149.jpg,uncertain
415.jpg,surprise
4150.jpg,neutral
4151.jpg,neutral
4152.jpg,happy
4153.jpg,uncertain
4154.jpg,neutral
4155.jpg,happy
4156.jpg,happy
4157.jpg,anger
4158.jpg,sad
4159.jpg,fear
416.jpg,anger
4160.jpg,neutral
4161.jpg,happy
4162.jpg,neutral
4163.jpg,happy
4164.jpg,sad
4165.jpg,neutral
4166.jpg,surprise
4167.jpg,anger
4168.jpg,surprise
4169.jpg,anger
417.jpg,sad
4170.jpg,surprise
4171.jpg,sad
4172.jpg,surprise
4173.jpg,happy
4174.jpg,uncertain
4175.jpg,contempt
4176.jpg,uncertain
4177.jpg,neutral
4178.jpg,contempt
4179.jpg,happy
418.jpg,sad
4180.jpg,neutral
4181.jpg,neutral
4182.jpg,happy
4183.jpg,sad
4184.jpg,surprise
4185.jpg,disgust
4186.jpg,happy
4187.jpg,contempt
4188.jpg,happy
4189.jpg,happy
419.jpg,neutral
4190.jpg,disgust
4191.jpg,anger
4192.jpg,uncertain
4193.jpg,anger
4194.jpg,anger
4195.jpg,uncertain
4196.jpg,anger
4197.jpg,contempt
4198.jpg,neutral
4199.jpg,surprise
42.jpg,neutral
420.jpg,neutral
4200.jpg,neutral
4201.jpg,sad
4202.jpg,neutral
4203.jpg,neutral
4204.jpg,neutral
4205.jpg,sad
4206.jpg,disgust
4207.jpg,contempt
4208.jpg,neutral
4209.jpg,surprise
421.jpg,neutral
4210.jpg,surprise
4211.jpg,uncertain
4212.jpg,disgust
4213.jpg,sad
4214.jpg,sad
4215.jpg,surprise
4216.jpg,contempt
4217.jpg,contempt
4218.jpg,surprise
4219.jpg,fear
422.jpg,happy
4220.jpg,happy
4221.jpg,fear
4222.jpg,anger
4223.jpg,fear
4224.jpg,anger
4225.jpg,happy
4226.jpg,happy
4227.jpg,fear
4228.jpg,sad
4229.jpg,surprise
423.jpg,fear
4230.jpg,happy
4231.jpg,disgust
4232.jpg,neutral
4233.jpg,happy
4234.jpg,happy
4235.jpg,contempt
4236.jpg,sad
4237.jpg,surprise
4238.jpg,neutral
4239.jpg,anger
424.jpg,neutral
4240.jpg,contempt
4241.jpg,neutral
4242.jpg,disgust
4243.jpg,neutral
4244.jpg,uncertain
4245.jpg,neutral
4246.jpg,neutral
4247.jpg,neutral
4248.jpg,anger
4249.jpg,anger
425.jpg,neutral
4250.jpg,surprise
4251.jpg,anger
4252.jpg,fear
4253.jpg,happy
4254.jpg,neutral
4255.jpg,disgust
4256.jpg,surprise
4257.jpg,neutral
4258.jpg,neutral
4259.jpg,neutral
426.jpg,anger
4260.jpg,anger
4261.jpg,happy
4262.jpg,sad
4263.jpg,contempt
4264.jpg,anger
4265.jpg,fear
4266.jpg,uncertain
4267.jpg,happy
4268.jpg,anger
4269.jpg,surprise
427.jpg,neutral
4270.jpg,sad
4271.jpg,surprise
4272.jpg,surprise
4273.jpg,disgust
4274.jpg,neutral
4275.jpg,contempt
4276.jpg,sad
4277.jpg,uncertain
4278.jpg,neutral
4279.jpg,neutral
428.jpg,uncertain
4280.jpg,neutral
4281.jpg,surprise
4282.jpg,fear
4283.jpg,neutral
4284.jpg,happy
4285.jpg,disgust
4286.jpg,anger
4287.jpg,neutral
4288.jpg,anger
4289.jpg,fear
429.jpg,anger
4290.jpg,anger
4291.jpg,uncertain
4292.jpg,sad
4293.jpg,disgust
4294.jpg,happy
4295.jpg,surprise
4296.jpg,anger
4297.jpg,contempt
4298.jpg,neutral
4299.jpg,surprise
43.jpg,anger
430.jpg,contempt
4300.jpg,anger
4301.jpg,uncertain
4302.jpg,surprise
4303.jpg,contempt
4304.jpg,fear
4305.jpg,anger
4306.jpg,sad
4307.jpg,happy
4308.jpg,fear
4309.jpg,neutral
431.jpg,surprise
4310.jpg,anger
4311.jpg,anger
4312.jpg,anger
4313.jpg,neutral
4314.jpg,disgust
4315.jpg,happy
4316.jpg,sad
4317.jpg,happy
4318.jpg,neutral
4319.jpg,fear
432.jpg,anger
4320.jpg,anger
4321.jpg,happy
4322.jpg,happy
4323.jpg,fear
4324.jpg,happy
4325.jpg,surprise
4326.jpg,sad
4327.jpg,happy
4328.jpg,anger
4329.jpg,surprise
433.jpg,neutral
4330.jpg,neutral
4331.jpg,happy
4332.jpg,happy
4333.jpg,fear
4334.jpg,neutral
4335.jpg,anger
4336.jpg,surprise
4337.jpg,fear
4338.jpg,sad
4339.jpg,fear
434.jpg,happy
4340.jpg,surprise
4341.jpg,contempt
4342.jpg,happy
4343.jpg,contempt
4344.jpg,happy
4345.jpg,happy
4346.jpg,uncertain
4347.jpg,surprise
4348.jpg,contempt
4349.jpg,surprise
435.jpg,neutral
4350.jpg,neutral
4351.jpg,neutral
4352.jpg,neutral
4353.jpg,neutral
4354.jpg,neutral
4355.jpg,neutral
4356.jpg,surprise
4357.jpg,anger
4358.jpg,happy
4359.jpg,surprise
436.jpg,surprise
4360.jpg,sad
4361.jpg,contempt
4362.jpg,surprise
4363.jpg,surprise
4364.jpg,disgust
4365.jpg,happy
4366.jpg,neutral
4367.jpg,neutral
4368.jpg,anger
4369.jpg,happy
437.jpg,sad
4370.jpg,happy
4371.jpg,surprise
4372.jpg,anger
4373.jpg,happy
4374.jpg,sad
4375.jpg,sad
4376.jpg,contempt
4377.jpg,neutral
4378.jpg,anger
4379.jpg,contempt
438.jpg,anger
4380.jpg,neutral
4381.jpg,happy
4382.jpg,surprise
4383.jpg,surprise
4384.jpg,neutral
4385.jpg,happy
4386.jpg,anger
4387.jpg,sad
4388.jpg,fear
4389.jpg,sad
439.jpg,neutral
4390.jpg,happy
4391.jpg,neutral
4392.jpg,anger
4393.jpg,contempt
4394.jpg,neutral
4395.jpg,surprise
4396.jpg,surprise
4397.jpg,neutral
4398.jpg,anger
4399.jpg,sad
44.jpg,happy
440.jpg,sad
4400.jpg,neutral
4401.jpg,happy
4402.jpg,disgust
4403.jpg,fear
4404.jpg,surprise
4405.jpg,uncertain
4406.jpg,surprise
4407.jpg,neutral
4408.jpg,surprise
4409.jpg,surprise
441.jpg,neutral
4410.jpg,anger
4411.jpg,happy
4412.jpg,fear
4413.jpg,fear
4414.jpg,neutral
4415.jpg,neutral
4416.jpg,fear
4417.jpg,anger
4418.jpg,happy
4419.jpg,happy
442.jpg,neutral
4420.jpg,surprise
4421.jpg,neutral
4422.jpg,anger
4423.jpg,neutral
4424.jpg,contempt
4425.jpg,uncertain
4426.jpg,neutral
4427.jpg,sad
4428.jpg,fear
4429.jpg,neutral
443.jpg,fear
4430.jpg,sad
4431.jpg,neutral
4432.jpg,sad
4433.jpg,neutral
4434.jpg,disgust
4435.jpg,anger
4436.jpg,neutral
4437.jpg,uncertain
4438.jpg,neutral
4439.jpg,neutral
444.jpg,fear
4440.jpg,uncertain
4441.jpg,neutral
4442.jpg,contempt
4443.jpg,sad
4444.jpg,sad
4445.jpg,neutral
4446.jpg,neutral
4447.jpg,surprise
4448.jpg,sad
4449.jpg,anger
445.jpg,surprise
4450.jpg,sad
4451.jpg,disgust
4452.jpg,anger
4453.jpg,sad
4454.jpg,contempt
4455.jpg,neutral
4456.jpg,surprise
4457.jpg,happy
4458.jpg,sad
4459.jpg,happy
446.jpg,happy
4460.jpg,neutral
4461.jpg,contempt
4462.jpg,contempt
4463.jpg,anger
4464.jpg,surprise
4465.jpg,disgust
4466.jpg,neutral
4467.jpg,uncertain
4468.jpg,happy
4469.jpg,sad
447.jpg,uncertain
4470.jpg,happy
4471.jpg,fear
4472.jpg,contempt
4473.jpg,anger
4474.jpg,neutral
4475.jpg,neutral
4476.jpg,surprise
4477.jpg,neutral
4478.jpg,sad
4479.jpg,surprise
448.jpg,surprise
4480.jpg,sad
4481.jpg,sad
4482.jpg,surprise
4483.jpg,neutral
4484.jpg,neutral
4485.jpg,fear
4486.jpg,anger
4487.jpg,surprise
4488.jpg,happy
4489.jpg,surprise
449.jpg,fear
4490.jpg,anger
4491.jpg,sad
4492.jpg,fear
4493.jpg,fear
4494.jpg,anger
4495.jpg,uncertain
4496.jpg,surprise
4497.jpg,anger
4498.jpg,sad
4499.jpg,happy
45.jpg,fear
450.jpg,neutral
4500.jpg,sad
4501.jpg,uncertain
4502.jpg,anger
4503.jpg,sad
4504.jpg,neutral
4505.jpg,disgust
4506.jpg,sad
4507.jpg,neutral
4508.jpg,neutral
4509.jpg,neutral
451.jpg,sad
4510.jpg,neutral
4511.jpg,surprise
4512.jpg,neutral
4513.jpg,anger
4514.jpg,uncertain
4515.jpg,neutral
4516.jpg,happy
4517.jpg,disgust
4518.jpg,neutral
4519.jpg,disgust
452.jpg,surprise
4520.jpg,contempt
4521.jpg,anger
4522.jpg,neutral
4523.jpg,neutral
4524.jpg,sad
4525.jpg,contempt
4526.jpg,sad
4527.jpg,neutral
4528.jpg,neutral
4529.jpg,fear
453.jpg,surprise
4530.jpg,neutral
4531.jpg,surprise
4532.jpg,neutral
4533.jpg,neutral
4534.jpg,happy
4535.jpg,sad
4536.jpg,uncertain
4537.jpg,anger
4538.jpg,neutral
4539.jpg,disgust
454.jpg,neutral
4540.jpg,sad
4541.jpg,contempt
4542.jpg,anger
4543.jpg,anger
4544.jpg,happy
4545.jpg,sad
4546.jpg,sad
4547.jpg,happy
4548.jpg,fear
4549.jpg,surprise
455.jpg,sad
4550.jpg,fear
4551.jpg,neutral
4552.jpg,neutral
4553.jpg,neutral
4554.jpg,uncertain
4555.jpg,neutral
4556.jpg,neutral
4557.jpg,surprise
4558.jpg,happy
4559.jpg,anger
456.jpg,happy
4560.jpg,anger
4561.jpg,fear
4562.jpg,contempt
4563.jpg,sad
4564.jpg,uncertain
4565.jpg,anger
4566.jpg,neutral
4567.jpg,neutral
4568.jpg,neutral
4569.jpg,surprise
457.jpg,surprise
4570.jpg,sad
4571.jpg,surprise
4572.jpg,uncertain
4573.jpg,surprise
4574.jpg,happy
4575.jpg,neutral
4576.jpg,neutral
4577.jpg,sad
4578.jpg,contempt
4579.jpg,surprise
458.jpg,surprise
4580.jpg,neutral
4581.jpg,surprise
4582.jpg,happy
4583.jpg,surprise
4584.jpg,anger
4585.jpg,sad
4586.jpg,surprise
4587.jpg,fear
4588.jpg,contempt
4589.jpg,happy
459.jpg,neutral
4590.jpg,uncertain
4591.jpg,anger
4592.jpg,neutral
4593.jpg,sad
4594.jpg,happy
4595.jpg,surprise
4596.jpg,fear
4597.jpg,sad
4598.jpg,neutral
4599.jpg,fear
46.jpg,sad
460.jpg,sad
4600.jpg,neutral
4601.jpg,anger
4602.jpg,neutral
4603.jpg,neutral
4604.jpg,sad
4605.jpg,contempt
4606.jpg,uncertain
4607.jpg,happy
4608.jpg,anger
4609.jpg,surprise
461.jpg,sad
4610.jpg,fear
4611.jpg,surprise
4612.jpg,happy
4613.jpg,neutral
4614.jpg,sad
4615.jpg,neutral
4616.jpg,happy
4617.jpg,sad
4618.jpg,disgust
4619.jpg,surprise
462.jpg,uncertain
4620.jpg,anger
4621.jpg,neutral
4622.jpg,sad
4623.jpg,fear
4624.jpg,fear
4625.jpg,sad
4626.jpg,happy
4627.jpg,neutral
4628.jpg,surprise
4629.jpg,fear
463.jpg,sad
4630.jpg,uncertain
4631.jpg,surprise
4632.jpg,neutral
4633.jpg,neutral
4634.jpg,sad
4635.jpg,surprise
4636.jpg,anger
4637.jpg,surprise
4638.jpg,neutral
4639.jpg,neutral
464.jpg,uncertain
4640.jpg,surprise
4641.jpg,neutral
4642.jpg,sad
4643.jpg,neutral
4644.jpg,sad
4645.jpg,anger
4646.jpg,contempt
4647.jpg,contempt
4648.jpg,neutral
4649.jpg,neutral
465.jpg,neutral
4650.jpg,anger
4651.jpg,sad
4652.jpg,surprise
4653.jpg,surprise
4654.jpg,contempt
4655.jpg,neutral
4656.jpg,anger
4657.jpg,neutral
4658.jpg,neutral
4659.jpg,anger
466.jpg,neutral
4660.jpg,neutral
4661.jpg,surprise
4662.jpg,surprise
4663.jpg,uncertain
4664.jpg,surprise
4665.jpg,anger
4666.jpg,neutral
4667.jpg,neutral
4668.jpg,surprise
4669.jpg,neutral
467.jpg,anger
4670.jpg,happy
4671.jpg,anger
4672.jpg,uncertain
4673.jpg,happy
4674.jpg,sad
4675.jpg,disgust
4676.jpg,surprise
4677.jpg,happy
4678.jpg,surprise
4679.jpg,fear
468.jpg,anger
4680.jpg,neutral
4681.jpg,sad
4682.jpg,neutral
4683.jpg,neutral
4684.jpg,sad
4685.jpg,neutral
4686.jpg,surprise
4687.jpg,sad
4688.jpg,neutral
4689.jpg,surprise
469.jpg,surprise
4690.jpg,surprise
4691.jpg,anger
4692.jpg,neutral
4693.jpg,neutral
4694.jpg,fear
4695.jpg,contempt
4696.jpg,happy
4697.jpg,surprise
4698.jpg,neutral
4699.jpg,happy
47.jpg,neutral
470.jpg,surprise
4700.jpg,neutral
4701.jpg,surprise
4702.jpg,happy
4703.jpg,anger
4704.jpg,sad
4705.jpg,sad
4706.jpg,anger
4707.jpg,neutral
4708.jpg,contempt
4709.jpg,happy
471.jpg,neutral
4710.jpg,neutral
4711.jpg,neutral
4712.jpg,neutral
4713.jpg,happy
4714.jpg,anger
4715.jpg,surprise
4716.jpg,anger
4717.jpg,sad
4718.jpg,neutral
4719.jpg,sad
472.jpg,anger
4720.jpg,neutral
4721.jpg,disgust
4722.jpg,neutral
4723.jpg,neutral
4724.jpg,happy
4725.jpg,uncertain
4726.jpg,neutral
4727.jpg,anger
4728.jpg,uncertain
4729.jpg,happy
473.jpg,fear
4730.jpg,disgust
4731.jpg,uncertain
4732.jpg,contempt
4733.jpg,happy
4734.jpg,anger
4735.jpg,happy
4736.jpg,anger
4737.jpg,sad
4738.jpg,anger
4739.jpg,neutral
474.jpg,disgust
4740.jpg,sad
4741.jpg,anger
4742.jpg,happy
4743.jpg,uncertain
4744.jpg,neutral
4745.jpg,sad
4746.jpg,anger
4747.jpg,neutral
4748.jpg,surprise
4749.jpg,anger
475.jpg,neutral
4750.jpg,surprise
4751.jpg,happy
4752.jpg,uncertain
4753.jpg,neutral
4754.jpg,surprise
4755.jpg,happy
4756.jpg,anger
4757.jpg,sad
4758.jpg,sad
4759.jpg,sad
476.jpg,anger
4760.jpg,happy
4761.jpg,sad
4762.jpg,contempt
4763.jpg,neutral
4764.jpg,sad
4765.jpg,sad
4766.jpg,anger
4767.jpg,happy
4768.jpg,surprise
4769.jpg,surprise
477.jpg,sad
4770.jpg,fear
4771.jpg,neutral
4772.jpg,neutral
4773.jpg,fear
4774.jpg,sad
4775.jpg,neutral
4776.jpg,disgust
4777.jpg,sad
4778.jpg,happy
4779.jpg,surprise
478.jpg,neutral
4780.jpg,neutral
4781.jpg,happy
4782.jpg,fear
4783.jpg,contempt
4784.jpg,neutral
4785.jpg,sad
4786.jpg,happy
4787.jpg,sad
4788.jpg,surprise
4789.jpg,anger
479.jpg,anger
4790.jpg,neutral
4791.jpg,disgust
4792.jpg,surprise
4793.jpg,fear
4794.jpg,surprise
4795.jpg,sad
4796.jpg,happy
4797.jpg,happy
4798.jpg,sad
4799.jpg,neutral
48.jpg,sad
480.jpg,neutral
4800.jpg,neutral
4801.jpg,uncertain
4802.jpg,neutral
4803.jpg,neutral
4804.jpg,neutral
4805.jpg,happy
4806.jpg,fear
4807.jpg,neutral
4808.jpg,sad
4809.jpg,fear
481.jpg,surprise
4810.jpg,neutral
4811.jpg,sad
4812.jpg,surprise
4813.jpg,disgust
4814.jpg,sad
4815.jpg,anger
4816.jpg,happy
4817.jpg,happy
4818.jpg,neutral
4819.jpg,happy
482.jpg,anger
4820.jpg,happy
4821.jpg,anger
4822.jpg,sad
4823.jpg,anger
4824.jpg,fear
4825.jpg,sad
4826.jpg,anger
4827.jpg,sad
4828.jpg,fear
4829.jpg,uncertain
483.jpg,sad
4830.jpg,sad
4831.jpg,sad
4832.jpg,neutral
4833.jpg,happy
4834.jpg,surprise
4835.jpg,happy
4836.jpg,anger
4837.jpg,happy
4838.jpg,neutral
4839.jpg,anger
484.jpg,fear
4840.jpg,surprise
4841.jpg,neutral
4842.jpg,sad
4843.jpg,sad
4844.jpg,happy
4845.jpg,surprise
4846.jpg,sad
4847.jpg,sad
4848.jpg,uncertain
4849.jpg,anger
485.jpg,sad
4850.jpg,neutral
4851.jpg,happy
4852.jpg,anger
4853.jpg,sad
4854.jpg,sad
4855.jpg,uncertain
4856.jpg,happy
4857.jpg,anger
4858.jpg,sad
4859.jpg,neutral
486.jpg,surprise
4860.jpg,surprise
4861.jpg,disgust
4862.jpg,contempt
4863.jpg,neutral
4864.jpg,contempt
4865.jpg,neutral
4866.jpg,surprise
4867.jpg,uncertain
4868.jpg,neutral
4869.jpg,sad
487.jpg,surprise
4870.jpg,neutral
4871.jpg,sad
4872.jpg,fear
4873.jpg,anger
4874.jpg,neutral
4875.jpg,neutral
4876.jpg,neutral
4877.jpg,neutral
4878.jpg,neutral
4879.jpg,uncertain
488.jpg,disgust
4880.jpg,neutral
4881.jpg,anger
4882.jpg,fear
4883.jpg,happy
4884.jpg,anger
4885.jpg,neutral
4886.jpg,happy
4887.jpg,fear
4888.jpg,anger
4889.jpg,neutral
489.jpg,anger
4890.jpg,anger
4891.jpg,neutral
4892.jpg,anger
4893.jpg,happy
4894.jpg,neutral
4895.jpg,neutral
4896.jpg,sad
4897.jpg,neutral
4898.jpg,neutral
4899.jpg,neutral
49.jpg,neutral
490.jpg,sad
4900.jpg,sad
4901.jpg,neutral
4902.jpg,surprise
4903.jpg,sad
4904.jpg,uncertain
4905.jpg,disgust
4906.jpg,neutral
4907.jpg,neutral
4908.jpg,sad
4909.jpg,sad
491.jpg,fear
4910.jpg,surprise
4911.jpg,fear
4912.jpg,surprise
4913.jpg,sad
4914.jpg,happy
4915.jpg,anger
4916.jpg,sad
4917.jpg,sad
4918.jpg,happy
4919.jpg,anger
492.jpg,happy
4920.jpg,anger
4921.jpg,neutral
4922.jpg,uncertain
4923.jpg,surprise
4924.jpg,uncertain
4925.jpg,contempt
4926.jpg,anger
4927.jpg,contempt
4928.jpg,anger
4929.jpg,surprise
493.jpg,neutral
4930.jpg,uncertain
4931.jpg,neutral
4932.jpg,uncertain
4933.jpg,neutral
4934.jpg,happy
4935.jpg,surprise
4936.jpg,anger
4937.jpg,neutral
4938.jpg,fear
4939.jpg,happy
494.jpg,anger
4940.jpg,neutral
4941.jpg,neutral
4942.jpg,neutral
4943.jpg,neutral
4944.jpg,surprise
4945.jpg,fear
4946.jpg,happy
4947.jpg,surprise
4948.jpg,anger
4949.jpg,fear
495.jpg,happy
4950.jpg,anger
4951.jpg,sad
4952.jpg,surprise
4953.jpg,surprise
4954.jpg,anger
4955.jpg,neutral
4956.jpg,contempt
4957.jpg,anger
4958.jpg,neutral
4959.jpg,contempt
496.jpg,anger
4960.jpg,anger
4961.jpg,neutral
4962.jpg,sad
4963.jpg,disgust
4964.jpg,uncertain
4965.jpg,sad
4966.jpg,neutral
4967.jpg,fear
4968.jpg,anger
4969.jpg,happy
497.jpg,anger
4970.jpg,uncertain
4971.jpg,neutral
4972.jpg,neutral
4973.jpg,anger
4974.jpg,happy
4975.jpg,contempt
4976.jpg,happy
4977.jpg,happy
4978.jpg,surprise
4979.jpg,disgust
498.jpg,fear
4980.jpg,anger
4981.jpg,anger
4982.jpg,neutral
4983.jpg,neutral
4984.jpg,sad
4985.jpg,anger
4986.jpg,uncertain
4987.jpg,neutral
4988.jpg,surprise
4989.jpg,neutral
499.jpg,sad
4990.jpg,fear
4991.jpg,anger
4992.jpg,neutral
4993.jpg,sad
4994.jpg,sad
4995.jpg,surprise
4996.jpg,fear
4997.jpg,neutral
4998.jpg,sad
4999.jpg,neutral
5.jpg,sad
50.jpg,sad
500.jpg,surprise
501.jpg,neutral
502.jpg,neutral
503.jpg,neutral
504.jpg,fear
505.jpg,neutral
506.jpg,fear
507.jpg,neutral
508.jpg,fear
509.jpg,surprise
51.jpg,surprise
510.jpg,surprise
511.jpg,surprise
512.jpg,happy
513.jpg,sad
514.jpg,neutral
515.jpg,disgust
516.jpg,surprise
517.jpg,sad
518.jpg,anger
519.jpg,surprise
52.jpg,neutral
520.jpg,surprise
521.jpg,sad
522.jpg,surprise
523.jpg,neutral
524.jpg,happy
525.jpg,uncertain
526.jpg,sad
527.jpg,fear
528.jpg,uncertain
529.jpg,surprise
53.jpg,neutral
530.jpg,surprise
531.jpg,disgust
532.jpg,anger
533.jpg,neutral
534.jpg,fear
535.jpg,sad
536.jpg,uncertain
537.jpg,sad
538.jpg,neutral
539.jpg,surprise
54.jpg,disgust
540.jpg,disgust
541.jpg,neutral
542.jpg,fear
543.jpg,neutral
544.jpg,surprise
545.jpg,neutral
546.jpg,sad
547.jpg,surprise
548.jpg,sad
549.jpg,anger
55.jpg,contempt
550.jpg,neutral
551.jpg,happy
552.jpg,contempt
553.jpg,happy
554.jpg,neutral
555.jpg,neutral
556.jpg,anger
557.jpg,neutral
558.jpg,neutral
559.jpg,neutral
56.jpg,disgust
560.jpg,surprise
561.jpg,neutral
562.jpg,anger
563.jpg,happy
564.jpg,uncertain
565.jpg,neutral
566.jpg,neutral
567.jpg,sad
568.jpg,neutral
569.jpg,surprise
57.jpg,sad
570.jpg,neutral
571.jpg,sad
572.jpg,surprise
573.jpg,happy
574.jpg,anger
575.jpg,happy
576.jpg,disgust
577.jpg,surprise
578.jpg,sad
579.jpg,neutral
58.jpg,happy
580.jpg,anger
581.jpg,contempt
582.jpg,uncertain
583.jpg,fear
584.jpg,surprise
585.jpg,neutral
586.jpg,sad
587.jpg,happy
588.jpg,contempt
589.jpg,uncertain
59.jpg,anger
590.jpg,sad
591.jpg,fear
592.jpg,uncertain
593.jpg,happy
594.jpg,anger
595.jpg,uncertain
596.jpg,sad
597.jpg,happy
598.jpg,disgust
599.jpg,happy
6.jpg,anger
60.jpg,happy
600.jpg,neutral
601.jpg,surprise
602.jpg,anger
603.jpg,anger
604.jpg,surprise
605.jpg,sad
606.jpg,anger
607.jpg,neutral
608.jpg,surprise
609.jpg,uncertain
61.jpg,neutral
610.jpg,neutral
611.jpg,surprise
612.jpg,surprise
613.jpg,anger
614.jpg,surprise
615.jpg,contempt
616.jpg,sad
617.jpg,neutral
618.jpg,anger
619.jpg,happy
62.jpg,surprise
620.jpg,surprise
621.jpg,surprise
622.jpg,happy
623.jpg,neutral
624.jpg,fear
625.jpg,anger
626.jpg,neutral
627.jpg,uncertain
628.jpg,neutral
629.jpg,anger
63.jpg,surprise
630.jpg,disgust
631.jpg,contempt
632.jpg,anger
633.jpg,sad
634.jpg,happy
635.jpg,contempt
636.jpg,uncertain
637.jpg,surprise
638.jpg,surprise
639.jpg,surprise
64.jpg,anger
640.jpg,sad
641.jpg,sad
642.jpg,neutral
643.jpg,happy
644.jpg,sad
645.jpg,anger
646.jpg,neutral
647.jpg,fear
648.jpg,happy
649.jpg,surprise
65.jpg,anger
650.jpg,anger
651.jpg,sad
652.jpg,sad
653.jpg,anger
654.jpg,neutral
655.jpg,neutral
656.jpg,anger
657.jpg,fear
658.jpg,uncertain
659.jpg,disgust
66.jpg,anger
660.jpg,disgust
661.jpg,anger
662.jpg,neutral
663.jpg,sad
664.jpg,happy
665.jpg,neutral
666.jpg,uncertain
667.jpg,sad
668.jpg,uncertain
669.jpg,surprise
67.jpg,happy
670.jpg,surprise
671.jpg,neutral
672.jpg,neutral
673.jpg,neutral
674.jpg,neutral
675.jpg,sad
676.jpg,neutral
677.jpg,fear
678.jpg,surprise
679.jpg,sad
68.jpg,sad
680.jpg,neutral
681.jpg,anger
682.jpg,surprise
683.jpg,neutral
684.jpg,uncertain
685.jpg,surprise
686.jpg,anger
687.jpg,surprise
688.jpg,surprise
689.jpg,sad
69.jpg,anger
690.jpg,surprise
691.jpg,anger
692.jpg,disgust
693.jpg,surprise
694.jpg,contempt
695.jpg,neutral
696.jpg,anger
697.jpg,surprise
698.jpg,happy
699.jpg,anger
7.jpg,neutral
70.jpg,sad
700.jpg,sad
701.jpg,fear
702.jpg,neutral
703.jpg,neutral
704.jpg,uncertain
705.jpg,sad
706.jpg,happy
707.jpg,neutral
708.jpg,sad
709.jpg,sad
71.jpg,neutral
710.jpg,fear
711.jpg,fear
712.jpg,anger
713.jpg,uncertain
714.jpg,anger
715.jpg,happy
716.jpg,sad
717.jpg,contempt
718.jpg,sad
719.jpg,anger
72.jpg,sad
720.jpg,surprise
721.jpg,anger
722.jpg,neutral
723.jpg,surprise
724.jpg,contempt
725.jpg,neutral
726.jpg,happy
727.jpg,contempt
728.jpg,neutral
729.jpg,neutral
73.jpg,neutral
730.jpg,uncertain
731.jpg,anger
732.jpg,surprise
733.jpg,sad
734.jpg,happy
735.jpg,uncertain
736.jpg,anger
737.jpg,contempt
738.jpg,neutral
739.jpg,neutral
74.jpg,neutral
740.jpg,neutral
741.jpg,contempt
742.jpg,sad
743.jpg,surprise
744.jpg,sad
745.jpg,neutral
746.jpg,anger
747.jpg,contempt
748.jpg,fear
749.jpg,neutral
75.jpg,happy
750.jpg,happy
751.jpg,sad
752.jpg,uncertain
753.jpg,happy
754.jpg,surprise
755.jpg,sad
756.jpg,neutral
757.jpg,neutral
758.jpg,sad
759.jpg,sad
76.jpg,fear
760.jpg,anger
761.jpg,anger
762.jpg,fear
763.jpg,sad
764.jpg,surprise
765.jpg,happy
766.jpg,neutral
767.jpg,sad
768.jpg,contempt
769.jpg,happy
77.jpg,neutral
770.jpg,contempt
771.jpg,sad
772.jpg,neutral
773.jpg,anger
774.jpg,surprise
775.jpg,sad
776.jpg,contempt
777.jpg,anger
778.jpg,surprise
779.jpg,surprise
78.jpg,sad
780.jpg,fear
781.jpg,contempt
782.jpg,surprise
783.jpg,neutral
784.jpg,surprise
785.jpg,contempt
786.jpg,surprise
787.jpg,happy
788.jpg,sad
789.jpg,fear
79.jpg,anger
790.jpg,neutral
791.jpg,uncertain
792.jpg,neutral
793.jpg,sad
794.jpg,surprise
795.jpg,happy
796.jpg,anger
797.jpg,sad
798.jpg,surprise
799.jpg,sad
8.jpg,happy
80.jpg,sad
800.jpg,neutral
801.jpg,fear
802.jpg,happy
803.jpg,fear
804.jpg,happy
805.jpg,surprise
806.jpg,surprise
807.jpg,surprise
808.jpg,uncertain
809.jpg,surprise
81.jpg,sad
810.jpg,happy
811.jpg,fear
812.jpg,disgust
813.jpg,surprise
814.jpg,sad
815.jpg,anger
816.jpg,disgust
817.jpg,disgust
818.jpg,neutral
819.jpg,happy
82.jpg,surprise
820.jpg,uncertain
821.jpg,sad
822.jpg,neutral
823.jpg,surprise
824.jpg,neutral
825.jpg,disgust
826.jpg,happy
827.jpg,neutral
828.jpg,surprise
829.jpg,sad
83.jpg,anger
830.jpg,neutral
831.jpg,neutral
832.jpg,sad
833.jpg,uncertain
834.jpg,sad
835.jpg,neutral
836.jpg,neutral
837.jpg,neutral
838.jpg,neutral
839.jpg,neutral
84.jpg,neutral
840.jpg,sad
841.jpg,neutral
842.jpg,fear
843.jpg,neutral
844.jpg,anger
845.jpg,neutral
846.jpg,happy
847.jpg,neutral
848.jpg,anger
849.jpg,neutral
85.jpg,fear
850.jpg,fear
851.jpg,sad
852.jpg,anger
853.jpg,sad
854.jpg,neutral
855.jpg,sad
856.jpg,surprise
857.jpg,neutral
858.jpg,surprise
859.jpg,neutral
86.jpg,anger
860.jpg,anger
861.jpg,sad
862.jpg,neutral
863.jpg,neutral
864.jpg,surprise
865.jpg,contempt
866.jpg,happy
867.jpg,neutral
868.jpg,happy
869.jpg,neutral
87.jpg,surprise
870.jpg,happy
871.jpg,anger
872.jpg,neutral
873.jpg,surprise
874.jpg,neutral
875.jpg,surprise
876.jpg,neutral
877.jpg,contempt
878.jpg,fear
879.jpg,neutral
88.jpg,neutral
880.jpg,neutral
881.jpg,anger
882.jpg,neutral
883.jpg,sad
884.jpg,anger
885.jpg,neutral
886.jpg,surprise
887.jpg,neutral
888.jpg,anger
889.jpg,neutral
89.jpg,fear
890.jpg,sad
891.jpg,anger
892.jpg,neutral
893.jpg,sad
894.jpg,uncertain
895.jpg,sad
896.jpg,happy
897.jpg,neutral
898.jpg,contempt
899.jpg,contempt
9.jpg,surprise
90.jpg,contempt
900.jpg,sad
901.jpg,sad
902.jpg,neutral
903.jpg,surprise
904.jpg,happy
905.jpg,contempt
906.jpg,neutral
907.jpg,fear
908.jpg,sad
909.jpg,sad
91.jpg,anger
910.jpg,anger
911.jpg,surprise
912.jpg,happy
913.jpg,uncertain
914.jpg,surprise
915.jpg,neutral
916.jpg,neutral
917.jpg,fear
918.jpg,happy
919.jpg,neutral
92.jpg,neutral
920.jpg,neutral
921.jpg,surprise
922.jpg,sad
923.jpg,contempt
924.jpg,sad
925.jpg,sad
926.jpg,neutral
927.jpg,surprise
928.jpg,happy
929.jpg,fear
93.jpg,disgust
930.jpg,anger
931.jpg,neutral
932.jpg,anger
933.jpg,neutral
934.jpg,surprise
935.jpg,sad
936.jpg,surprise
937.jpg,sad
938.jpg,anger
939.jpg,sad
94.jpg,neutral
940.jpg,neutral
941.jpg,surprise
942.jpg,anger
943.jpg,sad
944.jpg,uncertain
945.jpg,fear
946.jpg,sad
947.jpg,happy
948.jpg,uncertain
949.jpg,happy
95.jpg,neutral
950.jpg,neutral
951.jpg,surprise
952.jpg,anger
953.jpg,surprise
954.jpg,anger
955.jpg,anger
956.jpg,surprise
957.jpg,surprise
958.jpg,anger
959.jpg,neutral
96.jpg,neutral
960.jpg,fear
961.jpg,neutral
962.jpg,sad
963.jpg,surprise
964.jpg,anger
965.jpg,sad
966.jpg,anger
967.jpg,fear
968.jpg,neutral
969.jpg,neutral
97.jpg,disgust
970.jpg,fear
971.jpg,surprise
972.jpg,anger
973.jpg,sad
974.jpg,neutral
975.jpg,neutral
976.jpg,uncertain
977.jpg,happy
978.jpg,sad
979.jpg,sad
98.jpg,sad
980.jpg,neutral
981.jpg,neutral
982.jpg,surprise
983.jpg,sad
984.jpg,sad
985.jpg,surprise
986.jpg,neutral
987.jpg,uncertain
988.jpg,sad
989.jpg,neutral
99.jpg,anger
990.jpg,neutral
991.jpg,uncertain
992.jpg,surprise
993.jpg,happy
994.jpg,surprise
995.jpg,surprise
996.jpg,happy
997.jpg,sad
998.jpg,neutral
999.jpg,surprise
